Title,Phone Number,Image URL,Direction Link,Address,Latitude,Longitude,Rating,Time
Sunburst Healthcare Pvt Ltd - HealthCare at HOME,09923664644,https://lh5.googleusercontent.com/p/AF1QipNM0TB5fxTFUxnLVWxRQ6ff7JXFBpauC0FHHIO1=w114-h114-n-k-no,"https://maps.google.com/maps?um=1&fb=1&gl=in&sa=X&geocode=KT9frocRwcI7MclKHsXCs1Id&daddr=A-1/402,+Silver+Oak+Society,+Kalyani+Nagar,+Pune,+Maharashtra+411014&ved=2ahUKEwiJ1OiTjryEAxXO1IQAHXBeBYUQ48ADegQIABAr","A-1/402, Silver Oak Society, Kalyani Nagar, Pune, Maharashtra 411014",18.547337242153,73.92564469639,4.8,
HEALTHCARE,08951992050,https://streetviewpixels-pa.googleapis.com/v1/thumbnail?panoid=wHMK0YG02FrKupz9QVK7JQ&cb_client=geo_services_immersive.gps&w=144&h=144&yaw=100.86342&pitch=0&thumbfov=100,"https://maps.google.com/maps?um=1&fb=1&gl=in&sa=X&geocode=KT0AXxmyw8I7MWL6UU32MOtU&daddr=Office+number+2,+Supreme+Arcade,+Kharadi+Rd,+above+More+supermarket,+Rakshak+Nagar,+Kharadi,+Pune,+Maharashtra+411014&ved=2ahUKEwiJ1OiTjryEAxXO1IQAHXBeBYUQ48ADegQIABAy","Office number 2, Supreme Arcade, Kharadi Rd, above More supermarket, Rakshak Nagar, Kharadi, Pune, Maharashtra 411014",18.551579340359,73.939750095597,4.4,
2050 Healthcare,09960558342,https://lh5.googleusercontent.com/p/AF1QipMmeAtNqgRC8AUo1JXp-m9FuZnVIu6gJ04r5tU=w114-h114-n-k-no,"https://maps.google.com/maps?um=1&fb=1&gl=in&sa=X&geocode=KV3IFoDVw8I7MXc4Z_jXw421&daddr=Platinum+Square,+Sakore+Nagar,+Viman+Nagar,+Pune,+Maharashtra+411014&ved=2ahUKEwiJ1OiTjryEAxXO1IQAHXBeBYUQ48ADegQIABA5","Platinum Square, Sakore Nagar, Viman Nagar, Pune, Maharashtra 411014",18.56145,73.90949,5.0,
Ajeevan Healthcare Services,09175080051,https://lh5.googleusercontent.com/p/AF1QipM0hXdk5Ix88R9gse6Kntry7SQQ8c236W54J0el=w114-h114-n-k-no,"https://maps.google.com/maps?um=1&fb=1&gl=in&sa=X&geocode=KZF-SS9GwcI7MX2rllcWt_b1&daddr=7,+Second+Floor,+MIT+Corner,+Lane+E,+N+Main+Rd,+opp.+SBI+Training+Center,+Koregaon+Park,+Pune,+Maharashtra+411001&ved=2ahUKEwiJ1OiTjryEAxXO1IQAHXBeBYUQ48ADegQIABBB","7, Second Floor, MIT Corner, Lane E, N Main Rd, opp. SBI Training Center, Koregaon Park, Pune, Maharashtra 411001",18.537414184344,73.893653258373,4.9,
Ayushya Healthcare- Home Healthcare Services Pune,07499901861,https://lh5.googleusercontent.com/p/AF1QipOpq6N2Zc5vRiVpmvqIYh1bFLJXLruYJ2qlWk2P=w114-h114-n-k-no,"https://maps.google.com/maps?um=1&fb=1&gl=in&sa=X&geocode=KWf0rUcSwcI7MZD0xfv4MAvw&daddr=Meghdoot+Society,+173/2,+near+Daulat+Ram+Mandir,+Mukund+Nagar,+Pune,+Maharashtra+411037&ved=2ahUKEwiJ1OiTjryEAxXO1IQAHXBeBYUQ48ADegQIABBJ","Meghdoot Society, 173/2, near Daulat Ram Mandir, Mukund Nagar, Pune, Maharashtra 411037",18.49466,73.86389,4.8,
"Solutions on Healthcare, Research, Education & Entrepreneurship",09890592275,https://streetviewpixels-pa.googleapis.com/v1/thumbnail?panoid=HOL_gdP6rXKtX6qIwPyfNg&cb_client=geo_services_immersive.gps&w=144&h=144&yaw=141.25609&pitch=0&thumbfov=100,"https://maps.google.com/maps?um=1&fb=1&gl=in&sa=X&geocode=KRPRCUX768I7MdXDNaY0y-56&daddr=E1,+404,+Gangadham+Phase+1,+off+Bibwewadi+Kondhwa+Road,+near+Market+Yard,+Ramyanagari+Housing+Society,+Munjeri,+Pune,+Maharashtra+411037&ved=2ahUKEwiJ1OiTjryEAxXO1IQAHXBeBYUQ48ADegQIABBQ","E1, 404, Gangadham Phase 1, off Bibwewadi Kondhwa Road, near Market Yard, Ramyanagari Housing Society, Munjeri, Pune, Maharashtra 411037",18.480860003494,73.868420028066,5.0,
Healthzia Healthcare LLP,08046030191,https://lh5.googleusercontent.com/p/AF1QipNJsXRI5a2Vpe6wKsz3FOuLLRv1qhlpvNLzpwQb=w114-h114-n-k-no,"https://maps.google.com/maps?um=1&fb=1&gl=in&sa=X&geocode=KQ2d3X_WwcI7MRfqMcXZDTFi&daddr=First+Floor,+and+3,+Katariya+High+School,+2nd+Ln,+opposite+Bank+of+Maharashtra,+Mukund+Nagar,+Pune,+Maharashtra+411037&ved=2ahUKEwiJ1OiTjryEAxXO1IQAHXBeBYUQ48ADegQIABBX","First Floor, and 3, Katariya High School, 2nd Ln, opposite Bank of Maharashtra, Mukund Nagar, Pune, Maharashtra 411037",18.495399624508,73.860582065972,5.0,
Healthcare Clinic..,09615057070,https://lh5.googleusercontent.com/p/AF1QipNa_3Rf0sOy5mUYbCfCu9C26Wzm4j4Q3fcBWm8O=w114-h114-n-k-no,"https://maps.google.com/maps?um=1&fb=1&gl=in&sa=X&geocode=KTt6g1MulcI7MeA-PuyLt9sx&daddr=shop+nubr+3,+Tulip+apartment,+near+JSPM+and+Karve+fashion+designing+college,+Narhe,+Pune,+Maharashtra+411041&ved=2ahUKEwiJ1OiTjryEAxXO1IQAHXBeBYUQ48ADegQIABBf","shop nubr 3, Tulip apartment, near JSPM and Karve fashion designing college, Narhe, Pune, Maharashtra 411041",18.4453421594,73.827692918606,5.0,
Ascent Healthcare,09175948795,https://streetviewpixels-pa.googleapis.com/v1/thumbnail?panoid=HLF1t_gQkYE4j7zihbO-iw&cb_client=geo_services_immersive.gps&w=144&h=144&yaw=3.824998&pitch=0&thumbfov=100,"https://maps.google.com/maps?um=1&fb=1&gl=in&sa=X&geocode=KWFlxadlwMI7MbA0c4PnLjA4&daddr=Office+403,+4th+Floor,+Patil+Plaza,+Mitramandal+Chowk,+Parvati,+Pune,+Maharashtra+411009&ved=2ahUKEwiJ1OiTjryEAxXO1IQAHXBeBYUQ48ADegQIABBn","Office 403, 4th Floor, Patil Plaza, Mitramandal Chowk, Parvati, Pune, Maharashtra 411009",18.49827,73.85418,4.7,
INGENIOUS HEALTHCARE SERVICES,07038687205,https://streetviewpixels-pa.googleapis.com/v1/thumbnail?panoid=bL3zA3lf1MzgpVivr7i3dw&cb_client=geo_services_immersive.gps&w=144&h=144&yaw=307.7187&pitch=0&thumbfov=100,"https://maps.google.com/maps?um=1&fb=1&gl=in&sa=X&geocode=KVMLBiKJ6sI7MQAAADD14RRI&daddr=Nawazish+Park+Rd,+Meeta+Nagar,+Kondhwa,+Pune,+Maharashtra+411048&ved=2ahUKEwiJ1OiTjryEAxXO1IQAHXBeBYUQ48ADegQIABBv","Nawazish Park Rd, Meeta Nagar, Kondhwa, Pune, Maharashtra 411048",18.47,73.88291,4.7,
Pune Nursing Bureau & Healthcare Home Nursing,07770088000,https://lh5.googleusercontent.com/p/AF1QipNvJfDiSNxnDxSz01ShtTH1ME5MD5omnJif6IgP=w114-h114-n-k-no,"https://maps.google.com/maps?um=1&fb=1&gl=in&sa=X&geocode=KUHwQRAgwcI7MftvkApA400y&daddr=sai+platinum+jyoti+gas+agenncy,+Laxmi+Rd,+near+vijay+talkies,+Sadashiv+Peth,+Pune,+Maharashtra+411030&ved=2ahUKEwiJ1OiTjryEAxXO1IQAHXBeBYUQ48ADegQIABB3","sai platinum jyoti gas agenncy, Laxmi Rd, near vijay talkies, Sadashiv Peth, Pune, Maharashtra 411030",18.514267033405,73.850346037397,5.0,
Pune Health Care,09867687173,https://lh5.googleusercontent.com/p/AF1QipN8Pue6tveyGA6nxgQictji1FmAg6MzN6QO5rav=w114-h114-n-k-no,"https://maps.google.com/maps?um=1&fb=1&gl=in&sa=X&geocode=KWfIA212wcI7MUeRfXFIawbG&daddr=BLOCK-B,+Ground,+Pune,+Maharashtra+411001&ved=2ahUKEwiJ1OiTjryEAxXO1IQAHXBeBYUQ48ADegQIABB_","BLOCK-B, Ground, Pune, Maharashtra 411001",18.53607,73.87343,3.0,
Medikiz Healthcare,08329784775,https://streetviewpixels-pa.googleapis.com/v1/thumbnail?panoid=4n9LZAbQlgBsxoO9tjCrWw&cb_client=geo_services_immersive.gps&w=144&h=144&yaw=132.21188&pitch=0&thumbfov=100,"https://maps.google.com/maps?um=1&fb=1&gl=in&sa=X&geocode=KQEAAEDEw8I7MU-kgCcwKD7m&daddr=EON+Free+Zone,+Kharadi,+Pune,+Maharashtra+411014&ved=2ahUKEwiJ1OiTjryEAxXO1IQAHXBeBYUQ48ADegUIABCOAQ","EON Free Zone, Kharadi, Pune, Maharashtra 411014",18.55222,73.94965,4.5,
Total Soft Health Care,08380006105,https://streetviewpixels-pa.googleapis.com/v1/thumbnail?panoid=MaX2iwtmlU3mP2fvS-jZdw&cb_client=geo_services_immersive.gps&w=144&h=144&yaw=134.70323&pitch=0&thumbfov=100,"https://maps.google.com/maps?um=1&fb=1&gl=in&sa=X&geocode=KYtefy33wMI7MYLnVAkb9FEW&daddr=504,+East+Court+Tower,+A+wing,+Viman+Nagar,+Pune,+Maharashtra+411014&ved=2ahUKEwiJ1OiTjryEAxXO1IQAHXBeBYUQ48ADegUIABCWAQ","504, East Court Tower, A wing, Viman Nagar, Pune, Maharashtra 411014",18.567405079556,73.91385118266,4.9,
PNB & HEALTHCARE SERVICE,07290093855,https://streetviewpixels-pa.googleapis.com/v1/thumbnail?panoid=CHdr_PHZtCy-XlgDvtwWLg&cb_client=geo_services_immersive.gps&w=144&h=144&yaw=339.88266&pitch=0&thumbfov=100,"https://maps.google.com/maps?um=1&fb=1&gl=in&sa=X&geocode=KVVVVQlewMI7MYmosegp8JON&daddr=423,+New+Mangalwar+Peth,+Mangalwar+Peth,+Kasba+Peth,+Pune,+Maharashtra+411011&ved=2ahUKEwiCsvigjryEAxVP4IQAHYsMDrEQ48ADegQIABAo","423, New Mangalwar Peth, Mangalwar Peth, Kasba Peth, Pune, Maharashtra 411011",18.52208,73.86192,4.7,
"Sirius Healthcare at Home : Delivering ""Care You Deserve""",08956277181,https://streetviewpixels-pa.googleapis.com/v1/thumbnail?panoid=_hfrY3L4wAlwNzlnz9OiMQ&cb_client=geo_services_immersive.gps&w=144&h=144&yaw=197.02354&pitch=0&thumbfov=100,"https://maps.google.com/maps?um=1&fb=1&gl=in&sa=X&geocode=KdslVVr7w8I7MaGa9TjazJtZ&daddr=811,+8th+floor,+GLOBAL+BUSINESS+HUB,+Near,+Eon+Free+Zone+Rd,+EON+Free+Zone,+Kharadi,+Pune,+Maharashtra+411014&ved=2ahUKEwiCsvigjryEAxVP4IQAHYsMDrEQ48ADegQIABAw","811, 8th floor, GLOBAL BUSINESS HUB, Near, Eon Free Zone Rd, EON Free Zone, Kharadi, Pune, Maharashtra 411014",18.55333,73.94989,1.0,
Healthprice,09822196666,https://streetviewpixels-pa.googleapis.com/v1/thumbnail?panoid=FTBPJIBkelTpalqJJ0OJRA&cb_client=geo_services_immersive.gps&w=144&h=144&yaw=325.62802&pitch=0&thumbfov=100,"https://maps.google.com/maps?um=1&fb=1&gl=in&sa=X&geocode=KYmfEdBJucI7Mfz9da1HKgxm&daddr=E1+%23112,+Waters+Edge,+Vishal+Nagar,+Pune,+Maharashtra+411027&ved=2ahUKEwiCsvigjryEAxVP4IQAHYsMDrEQ48ADegQIABA4","E1 #112, Waters Edge, Vishal Nagar, Pune, Maharashtra 411027",18.58084,73.78445,3.0,
Phoenix Healthcare,09373316370,https://streetviewpixels-pa.googleapis.com/v1/thumbnail?panoid=mREvu9ZkOSSLRJdtedLJNg&cb_client=geo_services_immersive.gps&w=144&h=144&yaw=95.12914&pitch=0&thumbfov=100,"https://maps.google.com/maps?um=1&fb=1&gl=in&sa=X&geocode=KWUxUA3Av8I7MckirmZKFjwz&daddr=P-12,+Warje+Malwadi+Rd,+Mayur+Colony,+Kothrud,+Pune,+Maharashtra+411038&ved=2ahUKEwiCsvigjryEAxVP4IQAHYsMDrEQ48ADegQIABA_","P-12, Warje Malwadi Rd, Mayur Colony, Kothrud, Pune, Maharashtra 411038",18.501130001853,73.814490024845,3.9,
Abbott Healthcare Pvt Ltd,09503047860,https://lh5.googleusercontent.com/p/AF1QipOL2sQFWf3y75xtjBlY3xVG4s9gBGqgBYXiYjxD=w114-h114-n-k-no,"https://maps.google.com/maps?um=1&fb=1&gl=in&sa=X&geocode=KR1KQ_fHv8I7MQfO0lpKJ2h8&daddr=87,+15b,+DP+Rd,+Chintamani+Paradise,+Kothrud,+Pune,+Maharashtra+411038&ved=2ahUKEwiCsvigjryEAxVP4IQAHYsMDrEQ48ADegQIABBF","87, 15b, DP Rd, Chintamani Paradise, Kothrud, Pune, Maharashtra 411038",18.50546,73.79761,4.7,
Anand Healthcare Services,08530801333,https://lh5.googleusercontent.com/p/AF1QipNLUFhC_BmSY_kqedf1Is7v3t2DQbymOyi2wMPK=w114-h114-n-k-no,"https://maps.google.com/maps?um=1&fb=1&gl=in&sa=X&geocode=KYVT0VYmwMI7MStUIckIfJ2q&daddr=586/1A/9+AL-Amin+Society,+Dutta+Krupa,Shop+No.2,3,+Market,+Yard,+opp.+Dilwala+Dairy,+Pune,+Maharashtra+411037&ved=2ahUKEwiCsvigjryEAxVP4IQAHYsMDrEQ48ADegQIABBL","586/1A/9 AL-Amin Society, Dutta Krupa,Shop No.2,3, Market, Yard, opp. Dilwala Dairy, Pune, Maharashtra 411037",18.486118308265,73.867446332824,4.8,
Jivika Healthcare,07517290146,https://lh5.googleusercontent.com/p/AF1QipNqx7aOcSUupLK7lDMzCkt3DAeH2_ei0q6PimwB=w114-h114-n-k-no,"https://maps.google.com/maps?um=1&fb=1&gl=in&sa=X&geocode=KT11bXDPv8I7MVDhrAj1zG7v&daddr=4th+floor,+Windsor+commerce,+Baner+Rd,+near+hotel+wadeshwar,+Pune,+Maharashtra+411045&ved=2ahUKEwiCsvigjryEAxVP4IQAHYsMDrEQ48ADegQIABBT","4th floor, Windsor commerce, Baner Rd, near hotel wadeshwar, Pune, Maharashtra 411045",18.571235951313,73.780969147166,5.0,
"PallEx Healthcare: Dr. Prince John, Palliative, Geriatric, Long term/chronic care facility in Pune",09890791018,https://lh5.googleusercontent.com/p/AF1QipOHGSCK71AYm8WgXgl_eHH437BXI9kgkc8-Ybet=w114-h114-n-k-no,"https://maps.google.com/maps?um=1&fb=1&gl=in&sa=X&geocode=KV8izuwsv8I7MbMnY_VL4Ol_&daddr=PallEx+Healthcare,+1st+Floor+Deccan+Hardikar+Hospital,+University,+University+Rd,+Shivajinagar,+Pune,+Maharashtra+411005&ved=2ahUKEwiCsvigjryEAxVP4IQAHYsMDrEQ48ADegQIABBb","PallEx Healthcare, 1st Floor Deccan Hardikar Hospital, University, University Rd, Shivajinagar, Pune, Maharashtra 411005",18.524377530642,73.844365817225,5.0,
Health Care Clinic,02048700081,https://lh5.googleusercontent.com/p/AF1QipN6Jr_JhOz2MC95lQlN0pNOo3doNxInyBKy0D5f=w114-h114-n-k-no,"https://maps.google.com/maps?um=1&fb=1&gl=in&sa=X&geocode=KQ9g7moVwMI7MW5IzYbugMBS&daddr=359/360,+Mahatma+Phule,+Ganj+Peth,+Near+Gulistant+Society,+Pune,+Pune,+Maharashtra+411042&ved=2ahUKEwiCsvigjryEAxVP4IQAHYsMDrEQ48ADegQIABBi","359/360, Mahatma Phule, Ganj Peth, Near Gulistant Society, Pune, Pune, Maharashtra 411042",18.50657,73.86389,4.7,
SUN CITY HEALTHCARE,08087993240,https://lh5.googleusercontent.com/p/AF1QipNrZNKtUR0jMp96i-eoOVTbKs_nZQE-9WzaK6iE=w114-h114-n-k-no,"https://maps.google.com/maps?um=1&fb=1&gl=in&sa=X&geocode=KeMWcLJmlcI7MauK0PyDSaEa&daddr=806,Sun+Empire+,Near+Sun+City,+Sinhgad+Rd,+Pune,+Maharashtra+411051&ved=2ahUKEwiCsvigjryEAxVP4IQAHYsMDrEQ48ADegQIABBp","806,Sun Empire ,Near Sun City, Sinhgad Rd, Pune, Maharashtra 411051",18.4752,73.81066,4.9,
HEALTHCARE SOLUTIONS,09767256725,https://streetviewpixels-pa.googleapis.com/v1/thumbnail?panoid=8UL_XJEUQPZKloKWYPBcsQ&cb_client=geo_services_immersive.gps&w=144&h=144&yaw=225.18134&pitch=0&thumbfov=100,"https://maps.google.com/maps?um=1&fb=1&gl=in&sa=X&geocode=Kbc_Wszlv8I7McEoNssDgbE9&daddr=FLAT+NO+11,+Darpan+Apartment,+DP+Rd,+OPP.+Bank+of+Maharashtra,+Sanghvi+Nagar,+Ward+No.+8,+Aundh+Gaon,+Aundh,+Pune,+Maharashtra+411007&ved=2ahUKEwiCsvigjryEAxVP4IQAHYsMDrEQ48ADegQIABBx","FLAT NO 11, Darpan Apartment, DP Rd, OPP. Bank of Maharashtra, Sanghvi Nagar, Ward No. 8, Aundh Gaon, Aundh, Pune, Maharashtra 411007",18.565450400093,73.810767574558,5.0,
Oberoi Healthcare,09822453347,https://streetviewpixels-pa.googleapis.com/v1/thumbnail?panoid=o-ILXAhX4AdJ2ZlCixHPvQ&cb_client=geo_services_immersive.gps&w=144&h=144&yaw=110.69052&pitch=0&thumbfov=100,"https://maps.google.com/maps?um=1&fb=1&gl=in&sa=X&geocode=KXeZ2gxYwMI7McnzFwuh1bsm&daddr=Sohrab+Hall,+Office+no.+414,+4th+floor,+21,+Sasoon+Rd,+opp.+Jahangir+hospital,+Pune,+Maharashtra+411001&ved=2ahUKEwiCsvigjryEAxVP4IQAHYsMDrEQ48ADegQIABB3","Sohrab Hall, Office no. 414, 4th floor, 21, Sasoon Rd, opp. Jahangir hospital, Pune, Maharashtra 411001",18.526546980664,73.876467552269,5.0,
Simplify Healthcare,08447206678,https://lh5.googleusercontent.com/p/AF1QipM54LQizNjQM3fRjqv165uS9FLN11nmfK3zDKib=w114-h114-n-k-no,"https://maps.google.com/maps?um=1&fb=1&gl=in&sa=X&geocode=KVVVFb_ywcI7Mc4Zv7MBvd6k&daddr=401/402,+4th+Floor,+Pentagon+P-2,+Magarpatta,+Pune,+Maharashtra+411013&ved=2ahUKEwjg2fqojryEAxXR44QAHTjfCrQQ48ADegQIABAr","401/402, 4th Floor, Pentagon P-2, Magarpatta, Pune, Maharashtra 411013",18.523059994226,73.930850035479,4.2,
Vitara Healthcare,08871077107,https://streetviewpixels-pa.googleapis.com/v1/thumbnail?panoid=pJWgr6pLsRTKMMWUUgQuIw&cb_client=geo_services_immersive.gps&w=144&h=144&yaw=95.985825&pitch=0&thumbfov=100,"https://maps.google.com/maps?um=1&fb=1&gl=in&sa=X&geocode=Kc_18P6CwcI7MYSorgawvM6R&daddr=11,+Vijaychandra+Society,+Narangi+Baug+Rd,+Vrindavan+Park+Society,+Sangamvadi,+Pune,+Maharashtra+411006&ved=2ahUKEwjg2fqojryEAxXR44QAHTjfCrQQ48ADegQIABAz","11, Vijaychandra Society, Narangi Baug Rd, Vrindavan Park Society, Sangamvadi, Pune, Maharashtra 411006",18.55822367,73.892425,5.0,
Health Care Physiotherapy Clinic,08552926285,https://streetviewpixels-pa.googleapis.com/v1/thumbnail?panoid=W5Mmrjzu-anDitng299bHg&cb_client=geo_services_immersive.gps&w=144&h=144&yaw=39.789856&pitch=0&thumbfov=100,"https://maps.google.com/maps?um=1&fb=1&gl=in&sa=X&geocode=KVVVGQZFwMI7MQ_c1SPcImBL&daddr=Shop+No+1,+Camp,+City+Tower,+Synagogue+St,+Gawaliwada,+Modi+Colony,+Pune,+Maharashtra+411001&ved=2ahUKEwjg2fqojryEAxXR44QAHTjfCrQQ48ADegQIABA6","Shop No 1, Camp, City Tower, Synagogue St, Gawaliwada, Modi Colony, Pune, Maharashtra 411001",18.51491927598,73.883639220888,3.0,
Augustus Healthcare India LLP,02067405000,https://lh5.googleusercontent.com/p/AF1QipOe_kD8i_J4FQd-WWiQpYrGQW6n43W-fZ9JmhU4=w114-h114-n-k-no,"https://maps.google.com/maps?um=1&fb=1&gl=in&sa=X&geocode=KQteifMWwMI7MZhoS0DzkTag&daddr=Augustus+healthcare+India+LLP.+Marisoft-3,+7th+floor,+East+win,+Marisoft+IT+park+,+Marigold+premises,+Kalyani+Nagar,+Pune,+Maharashtra+411014&ved=2ahUKEwjg2fqojryEAxXR44QAHTjfCrQQ48ADegQIABBD","Augustus healthcare India LLP. Marisoft-3, 7th floor, East win, Marisoft IT park , Marigold premises, Kalyani Nagar, Pune, Maharashtra 411014",18.543775067899,73.910913256855,3.6,
AATMAN HEALTHCARE,09403653641,https://lh5.googleusercontent.com/p/AF1QipP87PO7llm6FQpLfnrkMsFHmX_Ero1yzxulFt7A=w114-h114-n-k-no,"https://maps.google.com/maps?um=1&fb=1&gl=in&sa=X&geocode=KQMGqUJYlcI7MZUbxDkyiO0M&daddr=Mandarban+Society,+Hingne+Khurd,+Pune,+Maharashtra+411051&ved=2ahUKEwjg2fqojryEAxXR44QAHTjfCrQQ48ADegQIABBL","Mandarban Society, Hingne Khurd, Pune, Maharashtra 411051",18.480233633626,73.829500092833,5.0,
Nexus Healthcare,08087100016,https://lh5.googleusercontent.com/p/AF1QipOkOG-ixOQKbPYNkHmv0fUg9XVUxrrYSzTal-Wv=w114-h114-n-k-no,"https://maps.google.com/maps?um=1&fb=1&gl=in&sa=X&geocode=Kf9nWaT0wcI7MZfWJRIvAJYg&daddr=Nexus+Healthcare,+625,885+/+Shop+no+1+%26+2+,+Ground+floor,+Vidya+Gauri+Appartment,+Barister+Gadgil+Rd,+near+lajjat+hotel,+Sadashiv+Peth,+Pune,+Maharashtra+411030&ved=2ahUKEwjg2fqojryEAxXR44QAHTjfCrQQ48ADegQIABBT","Nexus Healthcare, 625,885 / Shop no 1 & 2 , Ground floor, Vidya Gauri Appartment, Barister Gadgil Rd, near lajjat hotel, Sadashiv Peth, Pune, Maharashtra 411030",18.512810510596,73.850565980559,5.0,
Meadowlark Healthcare Pvt. Ltd.,09867687173,https://streetviewpixels-pa.googleapis.com/v1/thumbnail?panoid=HJe2dTKDnTIRo6vhu7QshQ&cb_client=geo_services_immersive.gps&w=144&h=144&yaw=93.766396&pitch=0&thumbfov=100,"https://maps.google.com/maps?um=1&fb=1&gl=in&sa=X&geocode=KU0INf_FwcI7MU2cYMhzybB-&daddr=WING-C,+17/48,+Bhairobanala+Road,+Next+to,+Fatima+Nagar,+Pune,+Maharashtra+411001&ved=2ahUKEwjg2fqojryEAxXR44QAHTjfCrQQ48ADegQIABBb","WING-C, 17/48, Bhairobanala Road, Next to, Fatima Nagar, Pune, Maharashtra 411001",18.521313108,73.88202,4.0,
Freedoctor Healthcare Pvt Ltd,09067147642,https://streetviewpixels-pa.googleapis.com/v1/thumbnail?panoid=MaX2iwtmlU3mP2fvS-jZdw&cb_client=geo_services_immersive.gps&w=144&h=144&yaw=134.70323&pitch=0&thumbfov=100,"https://maps.google.com/maps?um=1&fb=1&gl=in&sa=X&geocode=KXGWA8BiDmOCMdbytDKZ-RG_&daddr=Laxmi+Enclave,+Soc,+Ganeshkhind+Rd,+Model+Colony,+Shivajinagar,+Pune,+Maharashtra+411005&ved=2ahUKEwjg2fqojryEAxXR44QAHTjfCrQQ48ADegQIABBj","Laxmi Enclave, Soc, Ganeshkhind Rd, Model Colony, Shivajinagar, Pune, Maharashtra 411005",18.53288,73.84157,5.0,
Total Soft Health Care,09370999593,https://lh5.googleusercontent.com/p/AF1QipPFR5CMmY9FCVF4-KsYORYdpTnZ5eC9cUDlhnLQ=w114-h114-n-k-no,"https://maps.google.com/maps?um=1&fb=1&gl=in&sa=X&geocode=KQEAAEDEw8I7MU-kgCcwKD7m&daddr=EON+Free+Zone,+Kharadi,+Pune,+Maharashtra+411014&ved=2ahUKEwjg2fqojryEAxXR44QAHTjfCrQQ48ADegQIABBq","EON Free Zone, Kharadi, Pune, Maharashtra 411014",18.55222,73.94965,5.0,
Reliable Healthcare Pathology laboratory lab.Shevkar Vasti Hadapsar.,08888808845,https://lh5.googleusercontent.com/p/AF1QipN-_KYEUEXJhPEftVG2m2udaMWXqeG417VjJJrm=w114-h114-n-k-no,"https://maps.google.com/maps?um=1&fb=1&gl=in&sa=X&geocode=KXmkingYwcI7MVM87Yj_fj-P&daddr=Shop+no.08,+Manish+Complex,+Sr.no.296+A2+Manish+complex,+Shop+no.08,+Shevkar+vasti+Hadapsar+pune-411013+Sr.no.296+A2,+Shevkar+Vasti,+Hadapsar,+Pune,+Maharashtra+411013&ved=2ahUKEwjg2fqojryEAxXR44QAHTjfCrQQ48ADegQIABBy","Shop no.08, Manish Complex, Sr.no.296 A2 Manish complex, Shop no.08, Shevkar vasti Hadapsar pune-411013 Sr.no.296 A2, Shevkar Vasti, Hadapsar, Pune, Maharashtra 411013",18.504912273,73.914025,5.0,
Unnati Healthcare Nursing Bureau - Home Healthcare Services | Home Care Services Pune,09373316370,https://lh5.googleusercontent.com/p/AF1QipNpza_5dx6XLCjo_w8s_C6Df6QEQBV-JdhnqnOM=w114-h114-n-k-no,"https://maps.google.com/maps?um=1&fb=1&gl=in&sa=X&geocode=KR1FIrIWlcI7MeKn7v8zUymV&daddr=Office+No.+17,+Wanjale+Patil+Heritage,+F+wing,+NDA+Rd,+Vadgaon+Khurd,+Nanded+Fata,+Pandurang+Industrial+Area,+Shivane,+Pune,+Maharashtra+411024&ved=2ahUKEwjg2fqojryEAxXR44QAHTjfCrQQ48ADegQIABB6","Office No. 17, Wanjale Patil Heritage, F wing, NDA Rd, Vadgaon Khurd, Nanded Fata, Pandurang Industrial Area, Shivane, Pune, Maharashtra 411024",18.431705,73.789282112,4.9,
Sancheti Hospital,08046030191,https://lh5.googleusercontent.com/p/AF1QipOL2sQFWf3y75xtjBlY3xVG4s9gBGqgBYXiYjxD=w114-h114-n-k-no,"https://maps.google.com/maps?um=1&fb=1&gl=in&sa=X&geocode=KYVeXN2GwMI7MXDfOIlF0IqK&daddr=11/12+Thube+Park,+16,+16,+Shivajinagar,+Pune,+Maharashtra+411005&ved=2ahUKEwjg2fqojryEAxXR44QAHTjfCrQQ48ADegUIABCEAQ","11/12 Thube Park, 16, 16, Shivajinagar, Pune, Maharashtra 411005",18.53004766686,73.851775991769,4.5,
Anand Healthcare Services,08042781286,https://streetviewpixels-pa.googleapis.com/v1/thumbnail?panoid=HOL_gdP6rXKtX6qIwPyfNg&cb_client=geo_services_immersive.gps&w=144&h=144&yaw=141.25609&pitch=0&thumbfov=100,"https://maps.google.com/maps?um=1&fb=1&gl=in&sa=X&geocode=KYVT0VYmwMI7MStUIckIfJ2q&daddr=586/1A/9+AL-Amin+Society,+Dutta+Krupa,Shop+No.2,3,+Market,+Yard,+opp.+Dilwala+Dairy,+Pune,+Maharashtra+411037&ved=2ahUKEwjg2fqojryEAxXR44QAHTjfCrQQ48ADegUIABCLAQ","586/1A/9 AL-Amin Society, Dutta Krupa,Shop No.2,3, Market, Yard, opp. Dilwala Dairy, Pune, Maharashtra 411037",18.486118308265,73.867446332824,3.0,
"Solutions on Healthcare, Research, Education & Entrepreneurship",09960558342,https://streetviewpixels-pa.googleapis.com/v1/thumbnail?panoid=HLF1t_gQkYE4j7zihbO-iw&cb_client=geo_services_immersive.gps&w=144&h=144&yaw=3.824998&pitch=0&thumbfov=100,"https://maps.google.com/maps?um=1&fb=1&gl=in&sa=X&geocode=KRPRCUX768I7MdXDNaY0y-56&daddr=E1,+404,+Gangadham+Phase+1,+off+Bibwewadi+Kondhwa+Road,+near+Market+Yard,+Ramyanagari+Housing+Society,+Munjeri,+Pune,+Maharashtra+411037&ved=2ahUKEwjg2fqojryEAxXR44QAHTjfCrQQ48ADegUIABCSAQ","E1, 404, Gangadham Phase 1, off Bibwewadi Kondhwa Road, near Market Yard, Ramyanagari Housing Society, Munjeri, Pune, Maharashtra 411037",18.480860003494,73.868420028066,4.7,
Ascent Healthcare,07400180051,https://streetviewpixels-pa.googleapis.com/v1/thumbnail?panoid=58hALxYsNaPpC40J4LdQ8A&cb_client=geo_services_immersive.gps&w=144&h=144&yaw=340.1359&pitch=0&thumbfov=100,"https://maps.google.com/maps?um=1&fb=1&gl=in&sa=X&geocode=KWFlxadlwMI7MbA0c4PnLjA4&daddr=Office+403,+4th+Floor,+Patil+Plaza,+Mitramandal+Chowk,+Parvati,+Pune,+Maharashtra+411009&ved=2ahUKEwjg2fqojryEAxXR44QAHTjfCrQQ48ADegUIABCZAQ","Office 403, 4th Floor, Patil Plaza, Mitramandal Chowk, Parvati, Pune, Maharashtra 411009",18.49827,73.85418,4.9,
Evolution Healthcare Pvt. Ltd. - Artificial Limb Manufacturer | KFO | AFO | Prosthetic Foot Manufacturer,07020229237,https://lh5.googleusercontent.com/p/AF1QipM0hXdk5Ix88R9gse6Kntry7SQQ8c236W54J0el=w114-h114-n-k-no,"https://maps.google.com/maps?um=1&fb=1&gl=in&sa=X&geocode=KS-oLYGAv8I7MSJXFo5jPtzd&daddr=Flat+no.+1,+Laxmi+Mahal+Apartment,+2163,+near+Neelayam+Theatre,+Sadashiv+Peth,+Pune,+Maharashtra+411030&ved=2ahUKEwjg2fqojryEAxXR44QAHTjfCrQQ48ADegUIABChAQ","Flat no. 1, Laxmi Mahal Apartment, 2163, near Neelayam Theatre, Sadashiv Peth, Pune, Maharashtra 411030",18.50538,73.85035,5.0,
Sahara Health Care Clinic,09373958042,https://lh5.googleusercontent.com/p/AF1QipMVxEEIRYp85I8Se8TN4hmKL4Jb326diI0WhTwh=w114-h114-n-k-no,"https://maps.google.com/maps?um=1&fb=1&gl=in&sa=X&geocode=Ket4WWYhwcI7MXETJ30IjzBQ&daddr=GV57%2BH52,+Ganj+Peth,+Pune,+Maharashtra+411002&ved=2ahUKEwi42auxjryEAxXH1IQAHbhHA_8Q48ADegQIABAo","GV57+H52, Ganj Peth, Pune, Maharashtra 411002",18.508905,73.856542283,5.0,
ANMOL CLINIC AND HEALTHCARE SERVICES,08087100016,https://lh5.googleusercontent.com/p/AF1QipMzIsUP8s51wDDO2LaH5CRXorI2girm6qkaTZo8=w114-h114-n-k-no,"https://maps.google.com/maps?um=1&fb=1&gl=in&sa=X&geocode=KTl6sH54v8I7MTOwEPCxgOqJ&daddr=First+floor,+flat+no+11,+Sneha+Complex,+behind+vaibhav+sweets,+opp.+sargam+shop+Deep+bunglow+chowk,+Old+Wadarwadi,+Shivajinagar,+Pune,+Maharashtra+411016&ved=2ahUKEwi42auxjryEAxXH1IQAHbhHA_8Q48ADegQIABAu","First floor, flat no 11, Sneha Complex, behind vaibhav sweets, opp. sargam shop Deep bunglow chowk, Old Wadarwadi, Shivajinagar, Pune, Maharashtra 411016",18.534290774524,73.834345252256,4.7,
Meadowlark Healthcare Pvt. Ltd.,08459612363,https://lh5.googleusercontent.com/p/AF1QipOkOG-ixOQKbPYNkHmv0fUg9XVUxrrYSzTal-Wv=w114-h114-n-k-no,"https://maps.google.com/maps?um=1&fb=1&gl=in&sa=X&geocode=KU0INf_FwcI7MU2cYMhzybB-&daddr=WING-C,+17/48,+Bhairobanala+Road,+Next+to,+Fatima+Nagar,+Pune,+Maharashtra+411001&ved=2ahUKEwi42auxjryEAxXH1IQAHbhHA_8Q48ADegQIABA3","WING-C, 17/48, Bhairobanala Road, Next to, Fatima Nagar, Pune, Maharashtra 411001",18.521313108,73.88202,4.0,
Lifemate clinic,09920194386,https://lh5.googleusercontent.com/p/AF1QipPIt3g6gbe-GgU8vLt7E2Pwcirs7t_Hpr2TzBxV=w114-h114-n-k-no,"https://maps.google.com/maps?um=1&fb=1&gl=in&sa=X&geocode=KR3xZG58v8I7MbY1zHTsTkAp&daddr=Good+Luck+Square,+Flat+No.+104,+Samadhan+Apartment%27s,+Bhandarkar+Rd,+beside+The+Oakwood+Hotel,+Deccan+Gymkhana,+Pune,+Maharashtra+411004&ved=2ahUKEwi42auxjryEAxXH1IQAHbhHA_8Q48ADegQIABA_","Good Luck Square, Flat No. 104, Samadhan Apartment's, Bhandarkar Rd, beside The Oakwood Hotel, Deccan Gymkhana, Pune, Maharashtra 411004",18.518091968921,73.835913004177,5.0,
Abbott Healthcare Pvt Ltd,08871077107,https://streetviewpixels-pa.googleapis.com/v1/thumbnail?panoid=PlUSoJC96nk_8dzAwVpBrw&cb_client=geo_services_immersive.gps&w=144&h=144&yaw=24.821508&pitch=0&thumbfov=100,"https://maps.google.com/maps?um=1&fb=1&gl=in&sa=X&geocode=Kf___z-Pv8I7MYxJZ_ZyrMwY&daddr=Office+No+79,+Patil+Arcade,+Opposite+Sharada+Centre,+Erandawane,+PunErandawanee,+Maharashtra+411004&ved=2ahUKEwi42auxjryEAxXH1IQAHbhHA_8Q48ADegQIABBH","Office No 79, Patil Arcade, Opposite Sharada Centre, Erandawane, PunErandawanee, Maharashtra 411004",18.50806,73.83487,5.0,
Birthing Bells Healthcare Services Private Limited,07400180051,https://streetviewpixels-pa.googleapis.com/v1/thumbnail?panoid=yRYbXNJcLpE23tcuAsagSg&cb_client=geo_services_immersive.gps&w=144&h=144&yaw=348.0979&pitch=0&thumbfov=100,"https://maps.google.com/maps?um=1&fb=1&gl=in&sa=X&geocode=KRvgnba2v8I7MQAAADAj8k9D&daddr=Lokmanya+House,+Office+No+17+And+18,+2nd+Floor,+Paud+Rd,+next+to+CNG+Station,+Kothrud,+Pune,+Maharashtra+411038&ved=2ahUKEwi42auxjryEAxXH1IQAHbhHA_8Q48ADegQIABBN","Lokmanya House, Office No 17 And 18, 2nd Floor, Paud Rd, next to CNG Station, Kothrud, Pune, Maharashtra 411038",18.507499996809,73.807979968287,5.0,
Vitara Healthcare,09823934665,https://streetviewpixels-pa.googleapis.com/v1/thumbnail?panoid=pJWgr6pLsRTKMMWUUgQuIw&cb_client=geo_services_immersive.gps&w=144&h=144&yaw=95.985825&pitch=0&thumbfov=100,"https://maps.google.com/maps?um=1&fb=1&gl=in&sa=X&geocode=Kc_18P6CwcI7MYSorgawvM6R&daddr=11,+Vijaychandra+Society,+Narangi+Baug+Rd,+Vrindavan+Park+Society,+Sangamvadi,+Pune,+Maharashtra+411006&ved=2ahUKEwi42auxjryEAxXH1IQAHbhHA_8Q48ADegQIABBV","11, Vijaychandra Society, Narangi Baug Rd, Vrindavan Park Society, Sangamvadi, Pune, Maharashtra 411006",18.55822367,73.892425,5.0,
healthcare services,09321272715,https://streetviewpixels-pa.googleapis.com/v1/thumbnail?panoid=prAoocs1hlRVJep4aBjcyA&cb_client=geo_services_immersive.gps&w=144&h=144&yaw=148.61276&pitch=0&thumbfov=100,"https://maps.google.com/maps?um=1&fb=1&gl=in&sa=X&geocode=KbHJpJ6G68I7MdsF-Tae05tV&daddr=FV93%2B958,+Hatti+Chowk,+Sambhagi+Nagar,+Dhankawadi,+Pune,+Maharashtra+411043&ved=2ahUKEwi42auxjryEAxXH1IQAHbhHA_8Q48ADegQIABBc","FV93+958, Hatti Chowk, Sambhagi Nagar, Dhankawadi, Pune, Maharashtra 411043",18.468962054711,73.854685441157,5.0,
Medilink Corporation,02067405000,https://streetviewpixels-pa.googleapis.com/v1/thumbnail?panoid=CuOb2QinLKfU5sLIrxF6eA&cb_client=geo_services_immersive.gps&w=144&h=144&yaw=168.98178&pitch=0&thumbfov=100,"https://maps.google.com/maps?um=1&fb=1&gl=in&sa=X&geocode=KauqqrpIwMI7MVduMfBLy-Wa&daddr=Mukund+Society,+106,+Tadiwala+Road+Pune+Station,+Camp,+Camp,+Pune,+Maharashtra+411001&ved=2ahUKEwi42auxjryEAxXH1IQAHbhHA_8Q48ADegQIABBi","Mukund Society, 106, Tadiwala Road Pune Station, Camp, Camp, Pune, Maharashtra 411001",18.51491927598,73.883639220888,5.0,
Pranyaas Care - Home Healthcare & Parental Care Service Pune,08412020306,https://streetviewpixels-pa.googleapis.com/v1/thumbnail?panoid=Ahoo_CxxbZYkpq7t3dxsrw&cb_client=geo_services_immersive.gps&w=144&h=144&yaw=25.024141&pitch=0&thumbfov=100,"https://maps.google.com/maps?um=1&fb=1&gl=in&sa=X&geocode=KXPIlhohwcI7MbRHK-47OiRE&daddr=Meghdoot+Society,+173/2,+near+Daulat+Ram+Mandir,+Mukund+Nagar,+Pune,+Maharashtra+411037&ved=2ahUKEwi42auxjryEAxXH1IQAHbhHA_8Q48ADegQIABBq","Meghdoot Society, 173/2, near Daulat Ram Mandir, Mukund Nagar, Pune, Maharashtra 411037",18.49466,73.86389,3.6,
Vedna Primary Health Care clinic,08767510226,https://streetviewpixels-pa.googleapis.com/v1/thumbnail?panoid=AIsI-UXTIcFpN-E_UUzlJw&cb_client=geo_services_immersive.gps&w=144&h=144&yaw=35.628124&pitch=0&thumbfov=100,"https://maps.google.com/maps?um=1&fb=1&gl=in&sa=X&geocode=Ka8wTT1LwcI7MTFbTwQGQwr2&daddr=Dhanlaxmi+Complex,+next+to+sakhli+pir+talim,+New+Nana+Peth,+Ganesh+Peth,+Pune,+Maharashtra+411002&ved=2ahUKEwi42auxjryEAxXH1IQAHbhHA_8Q48ADegQIABBx","Dhanlaxmi Complex, next to sakhli pir talim, New Nana Peth, Ganesh Peth, Pune, Maharashtra 411002",18.51469,73.86697,4.9,
Metropolis Healthcare Ltd - Best Diagnostic Centre In Pune,08447206678,https://streetviewpixels-pa.googleapis.com/v1/thumbnail?panoid=IGptqWN408yqQihpS-YeUw&cb_client=geo_services_immersive.gps&w=144&h=144&yaw=122.94051&pitch=0&thumbfov=100,"https://maps.google.com/maps?um=1&fb=1&gl=in&sa=X&geocode=KcWNjIuzwcI7McpbewRRFGcD&daddr=C+50/51,+Sharadaram+Park+Pune+Station,+Sasoon+Rd,+next+to+Crowne+Plaza+Hotel,+Pune,+Maharashtra+411001&ved=2ahUKEwi42auxjryEAxXH1IQAHbhHA_8Q48ADegQIABB5","C 50/51, Sharadaram Park Pune Station, Sasoon Rd, next to Crowne Plaza Hotel, Pune, Maharashtra 411001",18.53173,73.87671,5.0,
Augustus Healthcare India LLP,08087993240,https://streetviewpixels-pa.googleapis.com/v1/thumbnail?panoid=Bk-OGPJNxQt7Ca59lH5JQw&cb_client=geo_services_immersive.gps&w=144&h=144&yaw=154.51088&pitch=0&thumbfov=100,"https://maps.google.com/maps?um=1&fb=1&gl=in&sa=X&geocode=KQteifMWwMI7MZhoS0DzkTag&daddr=Augustus+healthcare+India+LLP.+Marisoft-3,+7th+floor,+East+win,+Marisoft+IT+park+,+Marigold+premises,+Kalyani+Nagar,+Pune,+Maharashtra+411014&ved=2ahUKEwi42auxjryEAxXH1IQAHbhHA_8Q48ADegUIABCCAQ","Augustus healthcare India LLP. Marisoft-3, 7th floor, East win, Marisoft IT park , Marigold premises, Kalyani Nagar, Pune, Maharashtra 411014",18.543775067899,73.910913256855,4.2,
Vitara Healthcare Services,09321272715,https://lh5.googleusercontent.com/p/AF1QipNRso4rxL1vcVqeguQj71NDk_uXTmJfbnr_gtBR=w114-h114-n-k-no,"https://maps.google.com/maps?um=1&fb=1&gl=in&sa=X&geocode=KQGgAAX8wcI7MQorlb6syBgz&daddr=Shop+No+5,+Vitara+Healthcare+Services,+Sunshine+Court,+opp.+HDFC+Bank,+Kalyani+Nagar,+Pune,+Maharashtra+411006&ved=2ahUKEwi42auxjryEAxXH1IQAHbhHA_8Q48ADegUIABCMAQ","Shop No 5, Vitara Healthcare Services, Sunshine Court, opp. HDFC Bank, Kalyani Nagar, Pune, Maharashtra 411006",18.547561276948,73.903387273824,4.8,
RELIEF HEALTHCARE LABS,08449009595,https://lh5.googleusercontent.com/p/AF1QipM54LQizNjQM3fRjqv165uS9FLN11nmfK3zDKib=w114-h114-n-k-no,"https://maps.google.com/maps?um=1&fb=1&gl=in&sa=X&geocode=KecIJN04wcI7MSSxplMMyUvO&daddr=Shop+No.+3,+Bharat+Appartment,+Bhaji+Market+Tadiwala+Road,+Station,+Pune,+Maharashtra+411001&ved=2ahUKEwi42auxjryEAxXH1IQAHbhHA_8Q48ADegUIABCTAQ","Shop No. 3, Bharat Appartment, Bhaji Market Tadiwala Road, Station, Pune, Maharashtra 411001",18.533984348989,73.872973107925,4.0,
Simplify Healthcare,09321272715,https://lh5.googleusercontent.com/p/AF1QipMNFII2xXQHO5t7oNL8sW86-Qe9Cw6jkgLkgcjz=w114-h114-n-k-no,"https://maps.google.com/maps?um=1&fb=1&gl=in&sa=X&geocode=KVVVFb_ywcI7Mc4Zv7MBvd6k&daddr=401/402,+4th+Floor,+Pentagon+P-2,+Magarpatta,+Pune,+Maharashtra+411013&ved=2ahUKEwi42auxjryEAxXH1IQAHbhHA_8Q48ADegUIABCdAQ","401/402, 4th Floor, Pentagon P-2, Magarpatta, Pune, Maharashtra 411013",18.523059994226,73.930850035479,5.0,
nurses bureau 24,09762014014,https://streetviewpixels-pa.googleapis.com/v1/thumbnail?panoid=GMJTYSAXNxhDNSNBrBke2A&cb_client=geo_services_immersive.gps&w=144&h=144&yaw=259.94116&pitch=0&thumbfov=100,"https://maps.google.com/maps?um=1&fb=1&gl=in&sa=X&geocode=KWmezPtkwMI7MUdQXZOQpbpZ&daddr=Agarwal+pride+1308,+shop.No.9,+C-+wing,+Kasba+Peth,+Pune,+Maharashtra+411011&ved=2ahUKEwiXt_K7jryEAxXt44QAHYHVBu8Q48ADegQIABAo","Agarwal pride 1308, shop.No.9, C- wing, Kasba Peth, Pune, Maharashtra 411011",18.52259999538,73.862399977568,5.0,
Aastha Healthcare for mother & childare,09028295829,https://lh5.googleusercontent.com/p/AF1QipNijHYFaMSZ8eRnEcFdXJmPQJBnJtKj9DG7YJu5=w114-h114-n-k-no,"https://maps.google.com/maps?um=1&fb=1&gl=in&sa=X&geocode=KafjsgKNv8I7Mfr3cJMvvPlo&daddr=Aditya+Nakoda+enclave,+Sinhgad+Rd,+above+Anjali+Furniture,+near+PL+Deshpande+Garden,+Pune+Okayama+Friendship+Garden,+Dattawadi,+Pune,+Maharashtra+411030&ved=2ahUKEwiXt_K7jryEAxXt44QAHYHVBu8Q48ADegQIABAw","Aditya Nakoda enclave, Sinhgad Rd, above Anjali Furniture, near PL Deshpande Garden, Pune Okayama Friendship Garden, Dattawadi, Pune, Maharashtra 411030",18.49118,73.83313,4.9,
Ozanera | Leading E-Portal for Healthcare,07350000647,https://lh5.googleusercontent.com/p/AF1QipPFR5CMmY9FCVF4-KsYORYdpTnZ5eC9cUDlhnLQ=w114-h114-n-k-no,"https://maps.google.com/maps?um=1&fb=1&gl=in&sa=X&geocode=KXX40l2elcI7MaucISjZuZSo&daddr=Ozanera+Pvt+Ltd,+Office+no+3+%26+4,+Alankapuri,+Sinhgad+Rd,+near+Lokmat+press,+Pune,+Maharashtra+411041&ved=2ahUKEwiXt_K7jryEAxXt44QAHYHVBu8Q48ADegQIABA4","Ozanera Pvt Ltd, Office no 3 & 4, Alankapuri, Sinhgad Rd, near Lokmat press, Pune, Maharashtra 411041",18.474460001325,73.82224001634,5.0,
Reliable Healthcare Pathology laboratory lab.Shevkar Vasti Hadapsar.,09067147642,https://streetviewpixels-pa.googleapis.com/v1/thumbnail?panoid=NXQQjvMf9sEdih7OjKvxYQ&cb_client=geo_services_immersive.gps&w=144&h=144&yaw=164.49808&pitch=0&thumbfov=100,"https://maps.google.com/maps?um=1&fb=1&gl=in&sa=X&geocode=KXmkingYwcI7MVM87Yj_fj-P&daddr=Shop+no.08,+Manish+Complex,+Sr.no.296+A2+Manish+complex,+Shop+no.08,+Shevkar+vasti+Hadapsar+pune-411013+Sr.no.296+A2,+Shevkar+Vasti,+Hadapsar,+Pune,+Maharashtra+411013&ved=2ahUKEwiXt_K7jryEAxXt44QAHYHVBu8Q48ADegQIABBA","Shop no.08, Manish Complex, Sr.no.296 A2 Manish complex, Shop no.08, Shevkar vasti Hadapsar pune-411013 Sr.no.296 A2, Shevkar Vasti, Hadapsar, Pune, Maharashtra 411013",18.504912273,73.914025,5.0,
Vitara healthcare and Diagnostic centre,09209111804,https://lh5.googleusercontent.com/p/AF1QipOlOvWvM8t0m8t1J9jPxahFRr0hQ5-NOCRPTD3f=w114-h114-n-k-no,"https://maps.google.com/maps?um=1&fb=1&gl=in&sa=X&geocode=KWkoPt_OwcI7MchlAFSapwyL&daddr=15,+bund+garden,+Burning+Ghat+Rd,+near+Water+supply,+Vaswani+Nagar,+Ragvilas+Society,+Koregaon+Park,+Pune,+Maharashtra+411001&ved=2ahUKEwiXt_K7jryEAxXt44QAHYHVBu8Q48ADegQIABBI","15, bund garden, Burning Ghat Rd, near Water supply, Vaswani Nagar, Ragvilas Society, Koregaon Park, Pune, Maharashtra 411001",18.542075012132,73.890224962444,5.0,
"Lok Seva Multi-speciality Clinic - Best Clinic in BT Kawade Road, Pune",08668700265,https://lh5.googleusercontent.com/p/AF1QipMXDvif3wb3CSBPUi1S6BCkAfnel8FSuXMPNj0=w114-h114-n-k-no,"https://maps.google.com/maps?um=1&fb=1&gl=in&sa=X&geocode=KXMhInSWwcI7MQ03cpI3zrGq&daddr=Bhagwan+Tatyasaheb+Kawade+Rd,+near+Sonali+Electricals,+Kailash+Shankar+Nagar,+Ghorpadi,+Pune,+Maharashtra+411006&ved=2ahUKEwiXt_K7jryEAxXt44QAHYHVBu8Q48ADegQIABBQ","Bhagwan Tatyasaheb Kawade Rd, near Sonali Electricals, Kailash Shankar Nagar, Ghorpadi, Pune, Maharashtra 411006",18.529284882104,73.905355584476,5.0,
AVANA HEALTHCARE,09321272715,https://lh5.googleusercontent.com/p/AF1QipMQ9LQwOwkHr_yUVLXc6nVw77dOHQwwAF6b_IM=w114-h114-n-k-no,"https://maps.google.com/maps?um=1&fb=1&gl=in&sa=X&geocode=KblPoIS0w8I7MW-YyCSteyKk&daddr=AVANA+HEALTHCARE+Shop+no-2,+Second+floor,+PATHARE+CORNER+Opppsite+Safari+Kids+Preschool,+Grant+Rd,+near+Waterfront+society,+Pune,+Maharashtra+411014&ved=2ahUKEwiXt_K7jryEAxXt44QAHYHVBu8Q48ADegQIABBX","AVANA HEALTHCARE Shop no-2, Second floor, PATHARE CORNER Opppsite Safari Kids Preschool, Grant Rd, near Waterfront society, Pune, Maharashtra 411014",18.547337242153,73.92564469639,5.0,
Dr. Lal Path Lab- Shrishthi Healthcare Services,09321272715,https://lh5.googleusercontent.com/p/AF1QipP52QFUrswjEHf1swrMWYiQJJvXN_vDIwjXL966=w114-h114-n-k-no,"https://maps.google.com/maps?um=1&fb=1&gl=in&sa=X&geocode=KQtRINQEwcI7MUc3qEc-4jtc&daddr=Rajiv+Gandhi+MIDC+Rd,+Phase+1,+Hinjewadi+Rajiv+Gandhi+Infotech+Park,+Hinjawadi,+Maharashtra+411057&ved=2ahUKEwiXt_K7jryEAxXt44QAHYHVBu8Q48ADegQIABBe","Rajiv Gandhi MIDC Rd, Phase 1, Hinjewadi Rajiv Gandhi Infotech Park, Hinjawadi, Maharashtra 411057",18.590008055758,73.732774436519,5.0,
"Metropolis Healthcare Ltd - Best Diagnostic Centre In Amanora, Pune",09321272715,https://lh5.googleusercontent.com/p/AF1QipOKA9UUMlCrO71ByP_vhQiqKMoSn-tR-CzmBcRg=w114-h114-n-k-no,"https://maps.google.com/maps?um=1&fb=1&gl=in&sa=X&geocode=KYVpqwkKw8I7MZNK5E2OmlJj&daddr=Leisure+Town,+Park+Town+Nalli,+No+17/1/2,+Aaryan+Height,+Rd,+Amanora,+near+Lexicon+School,+Pune,+Maharashtra+411028&ved=2ahUKEwiXt_K7jryEAxXt44QAHYHVBu8Q48ADegQIABBl","Leisure Town, Park Town Nalli, No 17/1/2, Aaryan Height, Rd, Amanora, near Lexicon School, Pune, Maharashtra 411028",18.476019446,73.92861,4.9,
Metropolis Healthcare Ltd - Diagnostic Centre In Karve Nagar,07987723314,https://lh5.googleusercontent.com/p/AF1QipP91nm8yYNPQbMytNcGG8Dg-_Rms3Dg1GVsMp6_=w114-h114-n-k-no,"https://maps.google.com/maps?um=1&fb=1&gl=in&sa=X&geocode=KePW4whIv8I7MbO3avGWGyJo&daddr=Sn+60/1B+Pl+1,+Sthairya+Co+op+Society+Karve+Nagar,+Navasahyadri+Chowk,+Erandwane,+Pune,+Maharashtra+411052&ved=2ahUKEwiXt_K7jryEAxXt44QAHYHVBu8Q48ADegQIABBt","Sn 60/1B Pl 1, Sthairya Co op Society Karve Nagar, Navasahyadri Chowk, Erandwane, Pune, Maharashtra 411052",18.498532817138,73.826496348061,4.9,
"Metropolis Healthcare Ltd - Pathology Lab, Diagnostic Centre In Karve Nagar",09321272715,https://lh5.googleusercontent.com/p/AF1QipMV_9oXiz6mtVV2GZPEE1j8vjc-Q5BbUXR6x_aR=w114-h114-n-k-no,"https://maps.google.com/maps?um=1&fb=1&gl=in&sa=X&geocode=KW_zjak9v8I7MX4h5lyM5vVE&daddr=P+No+2,+Mahalaxmi+Complex,+No+11/1A,+Rutuja+Park+Rd,+near+Cummins+College+Road,+Sahu+Colony,+Karve+Nagar,+Pune,+Maharashtra+411052&ved=2ahUKEwiXt_K7jryEAxXt44QAHYHVBu8Q48ADegQIABB1","P No 2, Mahalaxmi Complex, No 11/1A, Rutuja Park Rd, near Cummins College Road, Sahu Colony, Karve Nagar, Pune, Maharashtra 411052",18.48798,73.8261,3.8,
Dr.Nadkarni Day Care Clinic in Pune,09321272715,https://lh5.googleusercontent.com/p/AF1QipPgD_s5QDyHazg5_QxBThvlKVZqEUfA4k9q_0Y=w114-h114-n-k-no,"https://maps.google.com/maps?um=1&fb=1&gl=in&sa=X&geocode=Kfl8kgmawcI7MQsvXmlMct1P&daddr=Mangireesh,+2133,+Vijayanagar+Colony,+Sadashiv+Peth,+Pune,+Maharashtra+411030&ved=2ahUKEwiXt_K7jryEAxXt44QAHYHVBu8Q48ADegQIABB8","Mangireesh, 2133, Vijayanagar Colony, Sadashiv Peth, Pune, Maharashtra 411030",18.504408910845,73.851538180348,4.6,
Accurate Healthcare Pathology Laboratory Tingre Nagar,07276894949,https://streetviewpixels-pa.googleapis.com/v1/thumbnail?panoid=C9eWg9M43avn0mHi6XehXA&cb_client=geo_services_immersive.gps&w=144&h=144&yaw=36.526455&pitch=0&thumbfov=100,"https://maps.google.com/maps?um=1&fb=1&gl=in&sa=X&geocode=Kbku2CzgwcI7MSlo2cFabcSB&daddr=Survey+No.35,+Shop+No.4,+Murlidhar+Apt+Road+No.7,+opp.+Garg+Treders,+Tingre+Nagar,+Pune,+Maharashtra+411032&ved=2ahUKEwiXt_K7jryEAxXt44QAHYHVBu8Q48ADegUIABCDAQ","Survey No.35, Shop No.4, Murlidhar Apt Road No.7, opp. Garg Treders, Tingre Nagar, Pune, Maharashtra 411032",18.57499529276,73.891659119463,4.5,
"Metropolis Healthcare Ltd - Pathology Lab, Diagnostic Centre In Wanowrie",09321272715,https://lh5.googleusercontent.com/p/AF1QipN6pZIxKwR9KdMPqi4SNeD2L4cSGQ8rHE01yg0q=w114-h114-n-k-no,"https://maps.google.com/maps?um=1&fb=1&gl=in&sa=X&geocode=KcteV-HqwcI7MTl_0vv5hZyz&daddr=Shop+B,+Harmonia+Society+Sr+No+47,+Hissa+No+456,+Wanowrie+Oppoisite+Jay+Jawan+Society,+Maharashtra+411040&ved=2ahUKEwiXt_K7jryEAxXt44QAHYHVBu8Q48ADegUIABCLAQ","Shop B, Harmonia Society Sr No 47, Hissa No 456, Wanowrie Oppoisite Jay Jawan Society, Maharashtra 411040",18.496210467513,73.89190271143,5.0,
"Metropolis Healthcare Ltd - Pathology Lab, Diagnostic Centre In Pune",07020229237,https://lh5.googleusercontent.com/p/AF1QipPAeFhMJ6tgi98vbodTn9Ug4bEkO-OaXvz9uY4O=w114-h114-n-k-no,"https://maps.google.com/maps?um=1&fb=1&gl=in&sa=X&geocode=KWGaWpoKlcI7MdasgPy-nzZk&daddr=SN+G11,+Shriniwas+Greenland+County,+Manaji+Nagar,+Narhe,+Pune,+Maharashtra+411041&ved=2ahUKEwiXt_K7jryEAxXt44QAHYHVBu8Q48ADegUIABCTAQ","SN G11, Shriniwas Greenland County, Manaji Nagar, Narhe, Pune, Maharashtra 411041",18.45253,73.82497,4.6,
Rahee Healthcare,09321272715,https://streetviewpixels-pa.googleapis.com/v1/thumbnail?panoid=gwvshEty5nWffzkQtClRsQ&cb_client=geo_services_immersive.gps&w=144&h=144&yaw=106.081375&pitch=0&thumbfov=100,"https://maps.google.com/maps?um=1&fb=1&gl=in&sa=X&geocode=KWFlxadlwMI7MUIU3JSEQi4P&daddr=3rd+Floor,+Ashoka+Centre,+Pune+Satara+Road,+Bibwewadi+Corner,+Bata+Show+Room,+Bibvewadi+Rd,+Corner,+Pune,+Maharashtra+411009&ved=2ahUKEwiXt_K7jryEAxXt44QAHYHVBu8Q48ADegUIABCcAQ","3rd Floor, Ashoka Centre, Pune Satara Road, Bibwewadi Corner, Bata Show Room, Bibvewadi Rd, Corner, Pune, Maharashtra 411009",18.48707,73.84407461,3.8,
Metropolis Healthcare Ltd - Best Diagnostic Centre In Pune,09321272715,https://lh5.googleusercontent.com/p/AF1QipOFUfCL-19X80NGn2t9FPeIxnnUe7zy99rKjwpJ=w114-h114-n-k-no,"https://maps.google.com/maps?um=1&fb=1&gl=in&sa=X&geocode=KS3bHyvTwcI7MTChlR7CVILN&daddr=No+303,+Mangalmurti+Complex+Tilak+Road,+Hirabag+Chowk,+opposite+Aasra+Hotel,+Pune,+Maharashtra+411002&ved=2ahUKEwiXt_K7jryEAxXt44QAHYHVBu8Q48ADegUIABCkAQ","No 303, Mangalmurti Complex Tilak Road, Hirabag Chowk, opposite Aasra Hotel, Pune, Maharashtra 411002",18.50449,73.85471,5.0,
AD Health Care,07385409212,https://lh5.googleusercontent.com/p/AF1QipO1yIU7BW-7NSlm7I6mfABNYHaKTYvHE0SOcyZH=w114-h114-n-k-no,"https://maps.google.com/maps?um=1&fb=1&gl=in&sa=X&geocode=KbNoqkvU68I7MfmxYhwDu0vZ&daddr=Bus+Stop,+634/7+A,+Balgopal+Vidhya+Mandir,+nr.+Ganpati+Temple,+nr.+Ganesh+Sweet+Bharat+Jyoti,+Bibwewadi,+Pune,+Maharashtra+411037&ved=2ahUKEwiP75TGjryEAxXM04QAHUtlClsQ48ADegQIABAr","Bus Stop, 634/7 A, Balgopal Vidhya Mandir, nr. Ganpati Temple, nr. Ganesh Sweet Bharat Jyoti, Bibwewadi, Pune, Maharashtra 411037",18.476028945708,73.864908014366,4.8,
"Metropolis Healthcare Ltd - Best Diagnostic Centre In Bibwewadi, Pune",09321272715,https://lh5.googleusercontent.com/p/AF1QipMVoUNev60dwvBx_X2eoTWYLq7ebWMWpsFs4mSu=w114-h114-n-k-no,"https://maps.google.com/maps?um=1&fb=1&gl=in&sa=X&geocode=KcPbzpoS68I7Mf-OrEHBKIyv&daddr=No+655,+SN+12,+Park+Landmark,+near,+Lake+Town+Rd,+Phase+2,+Chaitraban,+Mahalaxmi+Nagar,+Bibwewadi,+Pune,+Maharashtra+411037&ved=2ahUKEwiP75TGjryEAxXM04QAHUtlClsQ48ADegQIABAz","No 655, SN 12, Park Landmark, near, Lake Town Rd, Phase 2, Chaitraban, Mahalaxmi Nagar, Bibwewadi, Pune, Maharashtra 411037",18.4618,73.86513,5.0,
"Metropolis Healthcare Ltd - Best Diagnostic Centre In Shivaji Nagar, Pune",09321272715,https://streetviewpixels-pa.googleapis.com/v1/thumbnail?panoid=F9Gt5f3rOsmiYRZDI_nIjw&cb_client=geo_services_immersive.gps&w=144&h=144&yaw=76.2023&pitch=0&thumbfov=100,"https://maps.google.com/maps?um=1&fb=1&gl=in&sa=X&geocode=KecQ-88JwcI7MXeve-MJYGQO&daddr=Shivaji+Nagar,+Revenue+Colony,+Pune,+Maharashtra+411005&ved=2ahUKEwiP75TGjryEAxXM04QAHUtlClsQ48ADegQIABA7","Shivaji Nagar, Revenue Colony, Pune, Maharashtra 411005",18.528264945754,73.848208311424,5.0,
"Metropolis Healthcare Ltd - Best Diagnostic Centre In Ashok Nagar, Pune",09321272715,https://streetviewpixels-pa.googleapis.com/v1/thumbnail?panoid=UHvwcti2xv1YW43q-fGcKw&cb_client=geo_services_immersive.gps&w=144&h=144&yaw=182.66345&pitch=0&thumbfov=100,"https://maps.google.com/maps?um=1&fb=1&gl=in&sa=X&geocode=KU-V_4H5v8I7MR1MdfH-Mdp_&daddr=Shop+No+1,+Siddh+Sankul+Rangehills,+Road,+Ashok+Nagar,+Pune,+Maharashtra+411007&ved=2ahUKEwiP75TGjryEAxXM04QAHUtlClsQ48ADegQIABBD","Shop No 1, Siddh Sankul Rangehills, Road, Ashok Nagar, Pune, Maharashtra 411007",18.542077760001,73.837652485788,5.0,
Evolution Healthcare Pvt. Ltd. - Artificial Limb Manufacturer | KFO | AFO | Prosthetic Foot Manufacturer,08042781286,https://streetviewpixels-pa.googleapis.com/v1/thumbnail?panoid=58hALxYsNaPpC40J4LdQ8A&cb_client=geo_services_immersive.gps&w=144&h=144&yaw=340.1359&pitch=0&thumbfov=100,"https://maps.google.com/maps?um=1&fb=1&gl=in&sa=X&geocode=KS-oLYGAv8I7MSJXFo5jPtzd&daddr=Flat+no.+1,+Laxmi+Mahal+Apartment,+2163,+near+Neelayam+Theatre,+Sadashiv+Peth,+Pune,+Maharashtra+411030&ved=2ahUKEwiP75TGjryEAxXM04QAHUtlClsQ48ADegQIABBL","Flat no. 1, Laxmi Mahal Apartment, 2163, near Neelayam Theatre, Sadashiv Peth, Pune, Maharashtra 411030",18.50538,73.85035,4.7,
TRUELABS HEALTHCARE GOKHALENAGAR,09321272715,https://lh5.googleusercontent.com/p/AF1QipNsg7Pibe8-Iv42huS4St8IaRZXV7-njqcIDEeY=w114-h114-n-k-no,"https://maps.google.com/maps?um=1&fb=1&gl=in&sa=X&geocode=KWFkwWmDv8I7MfArKvLf-0ya&daddr=PMC+Ota.63,+Gokhale+Nagar+Road,+Jethiram+Bhima+Shelar+Path,+near+Taak+Saraaf+Jwellers,+Pune,+Maharashtra+411016&ved=2ahUKEwiP75TGjryEAxXM04QAHUtlClsQ48ADegQIABBS","PMC Ota.63, Gokhale Nagar Road, Jethiram Bhima Shelar Path, near Taak Saraaf Jwellers, Pune, Maharashtra 411016",18.529869997189,73.835460037848,5.0,
"Metropolis Healthcare Ltd - Pathology Lab, Diagnostic Centre In Pune",08291975164,https://streetviewpixels-pa.googleapis.com/v1/thumbnail?panoid=MtOzEbwfL6vGHAOrBWXklg&cb_client=geo_services_immersive.gps&w=144&h=144&yaw=313.32104&pitch=0&thumbfov=100,"https://maps.google.com/maps?um=1&fb=1&gl=in&sa=X&geocode=KZ-aIJKkwcI7MaEl57VWahi3&daddr=Office+No+1,+Vanraj+Corner,+Bhagwan+Tatyasaheb+Kawade+Rd,+Palm+Groves+Society,+Ghorpadi,+Pune,+Maharashtra+411036&ved=2ahUKEwiP75TGjryEAxXM04QAHUtlClsQ48ADegQIABBZ","Office No 1, Vanraj Corner, Bhagwan Tatyasaheb Kawade Rd, Palm Groves Society, Ghorpadi, Pune, Maharashtra 411036",18.531547214793,73.906608440543,5.0,
Vedicure Health Care & Wellness | Karve Nagar Pune,09321272715,https://lh5.googleusercontent.com/p/AF1QipMQqSKgmiP1D-Yj3vRD_YkVqcMFCYdrRr-n_VuM=w114-h114-n-k-no,"https://maps.google.com/maps?um=1&fb=1&gl=in&sa=X&geocode=KaGcdYSMv8I7MSfppuUoFYuN&daddr=D1+%26D2,+Vedicure+health+care+and+Wellness,+Patil+Regency,+Karve+Rd,+behind+hotel+kalinga,+near+sharda+center,+Erandwana+Gaothan,+Erandwane,+Pune,+Maharashtra+411004&ved=2ahUKEwiP75TGjryEAxXM04QAHUtlClsQ48ADegQIABBh","D1 &D2, Vedicure health care and Wellness, Patil Regency, Karve Rd, behind hotel kalinga, near sharda center, Erandwana Gaothan, Erandwane, Pune, Maharashtra 411004",18.506052898883,73.834714451353,1.0,
Metropolis Healthcare Ltd - Best Diagnostic Centre In Pune,09321272715,https://streetviewpixels-pa.googleapis.com/v1/thumbnail?panoid=DQc5al3rZRGH5NWCN_nLcA&cb_client=geo_services_immersive.gps&w=144&h=144&yaw=285.56973&pitch=0&thumbfov=100,"https://maps.google.com/maps?um=1&fb=1&gl=in&sa=X&geocode=KdWUdhZlwMI7MXMAatFN9BEF&daddr=No+649,+Angle+Clinic+Off+Central+PoliceChowki,+Sachapir+St,+near+Hanuman+Mandir,+Camp,+Pune,+Maharashtra+411001&ved=2ahUKEwiP75TGjryEAxXM04QAHUtlClsQ48ADegQIABBp","No 649, Angle Clinic Off Central PoliceChowki, Sachapir St, near Hanuman Mandir, Camp, Pune, Maharashtra 411001",18.51491927598,73.883639220888,3.6,
"Metropolis Healthcare Ltd - Pathology Lab, Diagnostic Centre In Pune",08624062215,https://streetviewpixels-pa.googleapis.com/v1/thumbnail?panoid=d2DS5wMPNVqCo4pcLRkwDA&cb_client=geo_services_immersive.gps&w=144&h=144&yaw=159.35141&pitch=0&thumbfov=100,"https://maps.google.com/maps?um=1&fb=1&gl=in&sa=X&geocode=Kd8nYF6wwcI7MctgbtnqgnjQ&daddr=Laxmi+Classic+Bldg,+Pune+-+Alandi+Rd,+Pratik+Nagar,+Vishrantwadi,+Pune,+Maharashtra+411015&ved=2ahUKEwiP75TGjryEAxXM04QAHUtlClsQ48ADegQIABBx","Laxmi Classic Bldg, Pune - Alandi Rd, Pratik Nagar, Vishrantwadi, Pune, Maharashtra 411015",18.590953024069,73.8778307691,5.0,
HCL Healthcare Dental Clinic,02027397438,https://lh5.googleusercontent.com/p/AF1QipNvA_46kp6asdSPz_sAoONuv3QF8BeCYLLWtsJg=w114-h114-n-k-no,"https://maps.google.com/maps?um=1&fb=1&gl=in&sa=X&geocode=KVNWaLrTucI7MUh-NR4a96RM&daddr=Shop+No-203,+2nd+Floor,+Rainbow+Plaza,+HCL+Healthcare+Dental+Clinic,+Express+Clinic,+Near,+Shivar+Garden+Rd,+Sunshine+Villas,+Chowk,+Pimple+Saudagar,+Pune,+Maharashtra+411057&ved=2ahUKEwiP75TGjryEAxXM04QAHUtlClsQ48ADegQIABB5","Shop No-203, 2nd Floor, Rainbow Plaza, HCL Healthcare Dental Clinic, Express Clinic, Near, Shivar Garden Rd, Sunshine Villas, Chowk, Pimple Saudagar, Pune, Maharashtra 411057",18.49354,73.89921,5.0,
Gurukrupa Health Care,09321272715,https://lh5.googleusercontent.com/p/AF1QipNEmNA5TRRQ6EWYCxsgjHp0Ik3OC1H1fgdk8FPe=w114-h114-n-k-no,"https://maps.google.com/maps?um=1&fb=1&gl=in&sa=X&geocode=KcUW5LPMwcI7MTVJNVRjavVv&daddr=275,+Sakhali+Pir+Talim+Chowk+Bhaji+Market,+New+Nana+Peth,+Pune,+Maharashtra+411002&ved=2ahUKEwiP75TGjryEAxXM04QAHUtlClsQ48ADegUIABCAAQ","275, Sakhali Pir Talim Chowk Bhaji Market, New Nana Peth, Pune, Maharashtra 411002",18.514387344411,73.867633769482,5.0,
SRL DIAGNOSTICS (S & R HEALTHCARE BIBWEWADI),02024432313,https://streetviewpixels-pa.googleapis.com/v1/thumbnail?panoid=IxO7XRun3YNHaJgVJ1y7vQ&cb_client=geo_services_immersive.gps&w=144&h=144&yaw=207.80476&pitch=0&thumbfov=100,"https://maps.google.com/maps?um=1&fb=1&gl=in&sa=X&geocode=KfuSpSor68I7MZCk2s4Q2Hgg&daddr=PLOT+NO.+A1/B,+S.NO.+567+BALAJI+APPARTMENT+VASTUNAGAR+SOCIETY,+Bibwewadi+Kondhwa+Rd,+Pune,+Maharashtra+411037&ved=2ahUKEwiP75TGjryEAxXM04QAHUtlClsQ48ADegUIABCHAQ","PLOT NO. A1/B, S.NO. 567 BALAJI APPARTMENT VASTUNAGAR SOCIETY, Bibwewadi Kondhwa Rd, Pune, Maharashtra 411037",18.476028945708,73.864908014366,5.0,
BKPMG Health Solution Pvt Ltd,02024264686,https://streetviewpixels-pa.googleapis.com/v1/thumbnail?panoid=E7feDPaKal5V4fhqpl1NSA&cb_client=geo_services_immersive.gps&w=144&h=144&yaw=175.30664&pitch=0&thumbfov=100,"https://maps.google.com/maps?um=1&fb=1&gl=in&sa=X&geocode=KWcjL3Y2ucI7MV042sNRTv00&daddr=Balewadi,+Pune,+Maharashtra+411045&ved=2ahUKEwiP75TGjryEAxXM04QAHUtlClsQ48ADegUIABCOAQ","Balewadi, Pune, Maharashtra 411045",18.575654840666,73.772075141635,1.8,
"Metropolis Healthcare Ltd - Pathology Lab, Diagnostic Centre In Pune",08010699699,https://lh5.googleusercontent.com/p/AF1QipPyxMVsu-o_BYLk5o2399JlJT9JNYWoO8msW1cz=w114-h114-n-k-no,"https://maps.google.com/maps?um=1&fb=1&gl=in&sa=X&geocode=KadtXBjav8I7MXSD7VjG4FMO&daddr=Shop+No+1,+SHIVRANJAN+TOWERS,+Someshwar+Wadi+Rd,+opposite+Sunny+Sports+Complex,+Ward+No.+8,+Someshwarwadi,+Pashan,+Pune,+Maharashtra+411008&ved=2ahUKEwiP75TGjryEAxXM04QAHUtlClsQ48ADegUIABCWAQ","Shop No 1, SHIVRANJAN TOWERS, Someshwar Wadi Rd, opposite Sunny Sports Complex, Ward No. 8, Someshwarwadi, Pashan, Pune, Maharashtra 411008",18.54676,73.8031,5.0,
eHealthSystem Health Care Limited,09321272715,https://streetviewpixels-pa.googleapis.com/v1/thumbnail?panoid=t2rHEtSYOLGoYXYNdVPtPw&cb_client=geo_services_immersive.gps&w=144&h=144&yaw=93.62244&pitch=0&thumbfov=100,"https://maps.google.com/maps?um=1&fb=1&gl=in&sa=X&geocode=KfO2QIDLv8I7MfYo15FyRcrC&daddr=1073,+Bhosale+Mystica,+Chatuhshrungi+Rd,+near+Om+Supar+Market,+Model+Colony,+Shivajinagar,+Pune,+Maharashtra+411016&ved=2ahUKEwiP75TGjryEAxXM04QAHUtlClsQ48ADegUIABCgAQ","1073, Bhosale Mystica, Chatuhshrungi Rd, near Om Supar Market, Model Colony, Shivajinagar, Pune, Maharashtra 411016",18.531440309949,73.838051871211,4.6,
"Metropolis Healthcare Ltd - Pathology Lab, Diagnostic Centre In Pune",09321272715,https://streetviewpixels-pa.googleapis.com/v1/thumbnail?panoid=_Xs2aiMVKd5mcC4Kk7rDOQ&cb_client=geo_services_immersive.gps&w=144&h=144&yaw=208.20082&pitch=0&thumbfov=100,"https://maps.google.com/maps?um=1&fb=1&gl=in&sa=X&geocode=KSMCl2ef68I7MVafTazwrjDx&daddr=Shop+No+4A,+The+Greater+Good+Complex,+Nyati+Estate+Rd,+near+More+Supermarket,+Mohammed+Wadi,+Pune,+Maharashtra+411060&ved=2ahUKEwiG4s3OjryEAxWh1IQAHQdyDG8Q48ADegQIABAp","Shop No 4A, The Greater Good Complex, Nyati Estate Rd, near More Supermarket, Mohammed Wadi, Pune, Maharashtra 411060",18.463718994722,73.923430590667,5.0,
"Metropolis Healthcare Ltd - Pathology Lab, Diagnostic Centre In Panchwati, Pune",09321272715,https://lh5.googleusercontent.com/p/AF1QipOtirMmPgWch5mTyIL9C3YzkYgm1LwriBlSIjWC=w114-h114-n-k-no,"https://maps.google.com/maps?um=1&fb=1&gl=in&sa=X&geocode=Ke_xSvSav8I7MWFZEgx7uPoM&daddr=Panchawati+Rd,+NCL+Coop+Housing+Society,+Panchawati,+Pashan,+Pune,+Maharashtra+411008&ved=2ahUKEwiG4s3OjryEAxWh1IQAHQdyDG8Q48ADegQIABAx","Panchawati Rd, NCL Coop Housing Society, Panchawati, Pashan, Pune, Maharashtra 411008",18.531382871842,73.811507619783,1.0,
"Metropolis Healthcare Ltd - Pathology Lab, Diagnostic Centre In Pune",09321272715,https://lh5.googleusercontent.com/p/AF1QipMO4gKnBUhrcFgZzOxlDe-4xz8dAlEoW9HKOkU-=w114-h114-n-k-no,"https://maps.google.com/maps?um=1&fb=1&gl=in&sa=X&geocode=KY0xKBN7wMI7MY33PqKU8Gud&daddr=No+103,+Transbay,+Balewadi+Rd,+near+43+Private+Drive,+Baner,+Pune,+Maharashtra+411045&ved=2ahUKEwiG4s3OjryEAxWh1IQAHQdyDG8Q48ADegQIABA5","No 103, Transbay, Balewadi Rd, near 43 Private Drive, Baner, Pune, Maharashtra 411045",18.5737,73.77352,3.6,
"Metropolis Healthcare Ltd - Best Diagnostic Centre In Aundh, Pune",09321272715,https://streetviewpixels-pa.googleapis.com/v1/thumbnail?panoid=iRH60dG4kcKJjgAMUhI7bA&cb_client=geo_services_immersive.gps&w=144&h=144&yaw=118.52856&pitch=0&thumbfov=100,"https://maps.google.com/maps?um=1&fb=1&gl=in&sa=X&geocode=KZ2vAxplv8I7MZWP2yPNj-H0&daddr=1st+Floor,+Luv+Khush+Apartment,+DP+Rd,+opposite+to+Hyundai+Showroom,+Aundh,+Pune,+Maharashtra+411007&ved=2ahUKEwiG4s3OjryEAxWh1IQAHQdyDG8Q48ADegQIABBB","1st Floor, Luv Khush Apartment, DP Rd, opposite to Hyundai Showroom, Aundh, Pune, Maharashtra 411007",18.55539,73.80469,5.0,
"Metropolis Healthcare Ltd - Pathology Lab, Diagnostic Centre In Pune",09321272715,https://lh5.googleusercontent.com/p/AF1QipN0aTm0Pdo00HMAXSUV2xlCoUXdxInmfrTgafGE=w114-h114-n-k-no,"https://maps.google.com/maps?um=1&fb=1&gl=in&sa=X&geocode=KXH7PFMuw8I7Mai7CYhRr1HO&daddr=Shop+No+31,+Mantra+Insignia,+near+Renuka+Mata+Mandir,+Keshav+Nagar,+Pune,+Maharashtra+411036&ved=2ahUKEwiG4s3OjryEAxWh1IQAHQdyDG8Q48ADegQIABBL","Shop No 31, Mantra Insignia, near Renuka Mata Mandir, Keshav Nagar, Pune, Maharashtra 411036",18.53705,73.94925,3.2,
Metropolis Healthcare Ltd - Diagnostic Centre In Pune,09321272715,https://streetviewpixels-pa.googleapis.com/v1/thumbnail?panoid=AnX4RDSgYl4QYUzqgJqhsA&cb_client=geo_services_immersive.gps&w=144&h=144&yaw=30.008717&pitch=0&thumbfov=100,"https://maps.google.com/maps?um=1&fb=1&gl=in&sa=X&geocode=KYf9SfcmwcI7MQH_OMSVVdPz&daddr=Shop+No+3+%26+106,+No+2,+Nai+Duniya+Apt,+Dashabhuja+Ganpati+Marg,+near+Tulshibagwale+Colony,+Sahakar+Nagar,+Kohinoor+Colony,+Tulshibagwale+Colony,+Parvati+Paytha,+Pune,+Maharashtra+411009&ved=2ahUKEwiG4s3OjryEAxWh1IQAHQdyDG8Q48ADegQIABBT","Shop No 3 & 106, No 2, Nai Duniya Apt, Dashabhuja Ganpati Marg, near Tulshibagwale Colony, Sahakar Nagar, Kohinoor Colony, Tulshibagwale Colony, Parvati Paytha, Pune, Maharashtra 411009",18.48852,73.84473,5.0,
Sancheti Hospital,08888808845,https://lh5.googleusercontent.com/p/AF1QipNpza_5dx6XLCjo_w8s_C6Df6QEQBV-JdhnqnOM=w114-h114-n-k-no,"https://maps.google.com/maps?um=1&fb=1&gl=in&sa=X&geocode=KYVeXN2GwMI7MXDfOIlF0IqK&daddr=11/12+Thube+Park,+16,+16,+Shivajinagar,+Pune,+Maharashtra+411005&ved=2ahUKEwiG4s3OjryEAxWh1IQAHQdyDG8Q48ADegQIABBd","11/12 Thube Park, 16, 16, Shivajinagar, Pune, Maharashtra 411005",18.53004766686,73.851775991769,4.5,
Med House Medical Store,08446229887,https://streetviewpixels-pa.googleapis.com/v1/thumbnail?panoid=yYHwK6ZdEuP-gbnhdc9WZQ&cb_client=geo_services_immersive.gps&w=144&h=144&yaw=332.00287&pitch=0&thumbfov=100,"https://maps.google.com/maps?um=1&fb=1&gl=in&sa=X&geocode=KQFSJORmwMI7MQAAAHBbk7g0&daddr=Flat+No.+102,+366,+JAWALE+PATH,+Gandhinagar,+Mangalwar+Peth,+Kasba+Peth,+Pune,+Maharashtra+411011&ved=2ahUKEwiG4s3OjryEAxWh1IQAHQdyDG8Q48ADegQIABBk","Flat No. 102, 366, JAWALE PATH, Gandhinagar, Mangalwar Peth, Kasba Peth, Pune, Maharashtra 411011",18.521677225476,73.858991540318,4.0,
"Metropolis Healthcare Ltd - Pathology Lab, Diagnostic Centre In Pune",09321272715,https://streetviewpixels-pa.googleapis.com/v1/thumbnail?panoid=KvxRRGURqx6uhQo2IfQ5lg&cb_client=geo_services_immersive.gps&w=144&h=144&yaw=90.59857&pitch=0&thumbfov=100,"https://maps.google.com/maps?um=1&fb=1&gl=in&sa=X&geocode=KU278XkzwsI7MQaiqQe7m6lB&daddr=A7,+A6+BS,+Siddharth+Court,+Balkrishna+Sakharam+Dhole+Patil+Rd,+above+Chutney+Restaurant,+Sangamvadi,+Pune,+Maharashtra+411001&ved=2ahUKEwiG4s3OjryEAxWh1IQAHQdyDG8Q48ADegQIABBs","A7, A6 BS, Siddharth Court, Balkrishna Sakharam Dhole Patil Rd, above Chutney Restaurant, Sangamvadi, Pune, Maharashtra 411001",18.533424022019,73.864457167538,4.4,
"Metropolis Healthcare Ltd - Best Diagnostic Centre In Vishrantwadi, Pune",09321272715,https://lh5.googleusercontent.com/p/AF1QipPc3CxuaHlB_qtZmNTnb0HgevY5Z2w-dOShgJdp=w114-h114-n-k-no,"https://maps.google.com/maps?um=1&fb=1&gl=in&sa=X&geocode=KcmQ_lI4wMI7MXjcsZ9j0LMA&daddr=Shop+No+5,+Bldg+No+31,+Ranakpur+Darshan,+Alandi+Rd,+near+Prince+Shopping+Centre,+Shanti+Nagar,+Vishrantwadi,+Pune,+Maharashtra+411006&ved=2ahUKEwiG4s3OjryEAxWh1IQAHQdyDG8Q48ADegQIABB0","Shop No 5, Bldg No 31, Ranakpur Darshan, Alandi Rd, near Prince Shopping Centre, Shanti Nagar, Vishrantwadi, Pune, Maharashtra 411006",18.56807,73.87926,3.7,
"Metropolis Healthcare Ltd - Best Diagnostic Centre In Bavdhan Khurd, Pune",09321272715,https://lh5.googleusercontent.com/p/AF1QipOwFLUf_QqBhKZcV1Vn8kInacWSVkYE4b1Xtqte=w114-h114-n-k-no,"https://maps.google.com/maps?um=1&fb=1&gl=in&sa=X&geocode=KenhxyzLv8I7MULUpS2hV0WN&daddr=Sy+No+126/2A/1,+2,+Tapodhan+Building,+Paud+Rd,+near+Bedekar+Ganpati+Mandir,+LIC+Colony,+Rambaug+Colony,+Kothrud,+Pune,+Maharashtra+411038&ved=2ahUKEwiG4s3OjryEAxWh1IQAHQdyDG8Q48ADegQIABB8","Sy No 126/2A/1, 2, Tapodhan Building, Paud Rd, near Bedekar Ganpati Mandir, LIC Colony, Rambaug Colony, Kothrud, Pune, Maharashtra 411038",18.507083409578,73.802562603361,4.9,
Metropolis Healthcare Ltd - Diagnostic Centre In Kothrud,09321272715,https://lh5.googleusercontent.com/p/AF1QipOquGSk0iaRSNtlC4MjV9UwfDxfSVacpCAubeEA=w114-h114-n-k-no,"https://maps.google.com/maps?um=1&fb=1&gl=in&sa=X&geocode=KaG47owbv8I7MUE6eS_bMRFd&daddr=Haveli,+Shop+No+8,+S+No+19/1B,+Ecstacy+Apartment+Plot+No+17,+19+to+22,+near+IndusInd+Bank,+Kothrud,+Pune,+Maharashtra+411038&ved=2ahUKEwiG4s3OjryEAxWh1IQAHQdyDG8Q48ADegUIABCEAQ","Haveli, Shop No 8, S No 19/1B, Ecstacy Apartment Plot No 17, 19 to 22, near IndusInd Bank, Kothrud, Pune, Maharashtra 411038",18.507163531441,73.804689588419,4.5,
Ruby Hall Clinic,02066455100,https://lh5.googleusercontent.com/p/AF1QipM4jTB7LScpPiIWE3Cw1qEBTlHqGOdDIpCSusYx=w114-h114-n-k-no,"https://maps.google.com/maps?um=1&fb=1&gl=in&sa=X&geocode=KRUuUSf4wMI7MQec5NrOi1NH&daddr=40,+Sasoon+Rd,+Sangamvadi,+Pune,+Maharashtra+411001&ved=2ahUKEwiG4s3OjryEAxWh1IQAHQdyDG8Q48ADegUIABCOAQ","40, Sasoon Rd, Sangamvadi, Pune, Maharashtra 411001",18.526546980664,73.876467552269,4.8,
"Metropolis Healthcare Ltd - Best Diagnostic Centre In Vadgaon, Pune",09321272715,https://lh5.googleusercontent.com/p/AF1QipN14xErXo6uNZM_3vYYV1kgBvV2wb7SqQU_qAL7=w114-h114-n-k-no,"https://maps.google.com/maps?um=1&fb=1&gl=in&sa=X&geocode=KW2_MQ8peNA7MYE71o-pmOig&daddr=BLOCK-A1,+Shop+No+1,+Hissa+No+1B,+Ganga+Bhagyoday+Goyal+Ganga+Scheme,+Sinhgad+Rd,+Society,+Vadgaon+Budruk,+Pune,+Maharashtra+411051&ved=2ahUKEwiG4s3OjryEAxWh1IQAHQdyDG8Q48ADegUIABCWAQ","BLOCK-A1, Shop No 1, Hissa No 1B, Ganga Bhagyoday Goyal Ganga Scheme, Sinhgad Rd, Society, Vadgaon Budruk, Pune, Maharashtra 411051",18.471487523638,73.821868636975,3.7,
Vitara Healthcare,09321272715,https://streetviewpixels-pa.googleapis.com/v1/thumbnail?panoid=-8usdDHCOq2Mq74M5YvxIw&cb_client=geo_services_immersive.gps&w=144&h=144&yaw=213.53789&pitch=0&thumbfov=100,"https://maps.google.com/maps?um=1&fb=1&gl=in&sa=X&geocode=KS_BEWu7wcI7MZS7cYMZF68F&daddr=GWC4%2BV8Q,+Yashashree+Complex,+B+T+Kawade+Road,+Opp+Sicilia+Society,+Pune,+Maharashtra+411001&ved=2ahUKEwiG4s3OjryEAxWh1IQAHQdyDG8Q48ADegUIABCeAQ","GWC4+V8Q, Yashashree Complex, B T Kawade Road, Opp Sicilia Society, Pune, Maharashtra 411001",18.525168171607,73.906306002724,4.7,
"Metropolis Healthcare Ltd - Best Diagnostic Centre In Kothrud, Pune",09321272715,https://streetviewpixels-pa.googleapis.com/v1/thumbnail?panoid=RAIy2Kw_TZoL20ymZPyr7w&cb_client=geo_services_immersive.gps&w=144&h=144&yaw=131.83136&pitch=0&thumbfov=100,"https://maps.google.com/maps?um=1&fb=1&gl=in&sa=X&geocode=KTMMwBHDv8I7Mc3i0dXhXP7O&daddr=Survey+No,+Cummins+Circle,+Virkar+Complex,+Shop+No+3,+26,+Lane+Number+6,+Dahanukar+Colony,+Circle,+Pune,+Maharashtra+411038&ved=2ahUKEwiG4s3OjryEAxWh1IQAHQdyDG8Q48ADegUIABClAQ","Survey No, Cummins Circle, Virkar Complex, Shop No 3, 26, Lane Number 6, Dahanukar Colony, Circle, Pune, Maharashtra 411038",18.4957233924,73.810333479187,3.0,
"Metropolis Healthcare Ltd - Best Diagnostic Centre In Baner, Pune",09321272715,https://streetviewpixels-pa.googleapis.com/v1/thumbnail?panoid=AyuY8lXg5sC3Nwwxzl6zFA&cb_client=geo_services_immersive.gps&w=144&h=144&yaw=12.239469&pitch=0&thumbfov=100,"https://maps.google.com/maps?um=1&fb=1&gl=in&sa=X&geocode=KYnJ3nQkv8I7MS3Y7iEvPTc4&daddr=Srinivas+Classic,+No+1,+1st+Floor,+Baner+-+Aundh+Rd,+opposite+Hotel+Magnolia,+Baner+Gaon,+Pune,+Maharashtra+411045&ved=2ahUKEwiG4s3OjryEAxWh1IQAHQdyDG8Q48ADegUIABCtAQ","Srinivas Classic, No 1, 1st Floor, Baner - Aundh Rd, opposite Hotel Magnolia, Baner Gaon, Pune, Maharashtra 411045",18.571900002925,73.780970039675,5.0,
"Metropolis Healthcare Ltd - Best Diagnostic Centre In Hadapsar, Pune",09321272715,https://streetviewpixels-pa.googleapis.com/v1/thumbnail?panoid=qi0dr2jkv8a6J9I_t6X4DA&cb_client=geo_services_immersive.gps&w=144&h=144&yaw=297.22253&pitch=0&thumbfov=100,"https://maps.google.com/maps?um=1&fb=1&gl=in&sa=X&geocode=Kd_HARugwcI7MX3tI2XxPv1h&daddr=Vanashri+Apartment,+Swapnil+Tupe+Road+Amanora,+Road,+opposite+Marvel+Azure,+Sade+Satra+Nali,+Hadapsar,+Pune,+Maharashtra+411028&ved=2ahUKEwiG4s3OjryEAxWh1IQAHQdyDG8Q48ADegUIABC1AQ","Vanashri Apartment, Swapnil Tupe Road Amanora, Road, opposite Marvel Azure, Sade Satra Nali, Hadapsar, Pune, Maharashtra 411028",18.51628726962,73.945237816716,3.0,
Metropolis Healthcare Ltd - Best Diagnostic Centre In Pune,09321272715,https://streetviewpixels-pa.googleapis.com/v1/thumbnail?panoid=kpsJ9pUGB23rQMyE9djKnQ&cb_client=geo_services_immersive.gps&w=144&h=144&yaw=131.19669&pitch=0&thumbfov=100,"https://maps.google.com/maps?um=1&fb=1&gl=in&sa=X&geocode=KRMf27jwwMI7MSrkhSIrczI5&daddr=No+194,+B11,+Narsimha+Housing+Society+Dhole+Patil+Road,+Boat+Club+Rd,+Pune,+Maharashtra+411001&ved=2ahUKEwiG4s3OjryEAxWh1IQAHQdyDG8Q48ADegUIABC9AQ","No 194, B11, Narsimha Housing Society Dhole Patil Road, Boat Club Rd, Pune, Maharashtra 411001",18.521313108,73.88202,4.8,
"Metropolis Healthcare Ltd - Best Diagnostic Centre In Lohagaon, Pune",09321272715,https://lh5.googleusercontent.com/p/AF1QipML1VK3WR2Ie9cKGGZN5V6OnhonTghKDqEL0z_D=w114-h114-n-k-no,"https://maps.google.com/maps?um=1&fb=1&gl=in&sa=X&geocode=KTvi5Cdux8I7MW8VE6qs_unW&daddr=Shop+No+14,+L+Square+Society,+Porwal+Rd,+behind+Faber+store,+Lohegaon,+Pune,+Maharashtra+411015&ved=2ahUKEwj_qrrXjryEAxVZ24QAHdjeCC8Q48ADegQIABAp","Shop No 14, L Square Society, Porwal Rd, behind Faber store, Lohegaon, Pune, Maharashtra 411015",18.599818779541,73.908953170486,4.8,09:00 PM
"Metropolis Healthcare Ltd - Best Diagnostic Centre In Mukund Nagar, Pune",09321272715,https://streetviewpixels-pa.googleapis.com/v1/thumbnail?panoid=Keeh9ywS-ECQKbSp7NiZcA&cb_client=geo_services_immersive.gps&w=144&h=144&yaw=89.67692&pitch=0&thumbfov=100,"https://maps.google.com/maps?um=1&fb=1&gl=in&sa=X&geocode=KZNwgd9-wsI7MXCeE2U1PIIc&daddr=Commercial+Centre+Parshwa,+Ratna+Building,+SN+10,+Mukund+Nagar,+Pune,+Maharashtra+411037&ved=2ahUKEwj_qrrXjryEAxVZ24QAHdjeCC8Q48ADegQIABAx","Commercial Centre Parshwa, Ratna Building, SN 10, Mukund Nagar, Pune, Maharashtra 411037",18.495399624508,73.860582065972,4.7,6:30 PM
Deshpande Healthcare Services,09321272715,https://lh5.googleusercontent.com/p/AF1QipO8DhX7fciAOCN9DCwp-AbtYTuBth_VnmIokQ4c=w114-h114-n-k-no,"https://maps.google.com/maps?um=1&fb=1&gl=in&sa=X&geocode=KdlXR9uqwcI7MTlAAljNW6vr&daddr=Office+no,+Patil+Plaza,+113,+Mitra+Mandal+Chowk,+Parvati+Paytha,+Pune,+Maharashtra+411009&ved=2ahUKEwj_qrrXjryEAxVZ24QAHdjeCC8Q48ADegQIABA4","Office no, Patil Plaza, 113, Mitra Mandal Chowk, Parvati Paytha, Pune, Maharashtra 411009",18.495869980425,73.854519982754,5.0,6:30 PM
"Metropolis Healthcare Ltd - Pathology Lab, Diagnostic Centre In Undri, Pune",09321272715,https://streetviewpixels-pa.googleapis.com/v1/thumbnail?panoid=urWxVhJlDWooJLmhyLebNA&cb_client=geo_services_immersive.gps&w=144&h=144&yaw=220.08008&pitch=0&thumbfov=100,"https://maps.google.com/maps?um=1&fb=1&gl=in&sa=X&geocode=KUHdkIYF68I7MaejP7lvGOdY&daddr=Shop+No+A9,+Vedant+Complex,+Mohammadwadi,+NIBM+Corinthians+Club+Road,+near+Besides+State+Bank+of+India,+Undri,+Pune,+Maharashtra+411060&ved=2ahUKEwj_qrrXjryEAxVZ24QAHdjeCC8Q48ADegQIABA_","Shop No A9, Vedant Complex, Mohammadwadi, NIBM Corinthians Club Road, near Besides State Bank of India, Undri, Pune, Maharashtra 411060",18.474298888644,73.912042901942,5.0,6:30 PM
"Metropolis Healthcare Ltd - Best Diagnostic Centre In Viman Nagar, Pune",09321272715,https://streetviewpixels-pa.googleapis.com/v1/thumbnail?panoid=csMLkhguQIkHanuwNLdQoA&cb_client=geo_services_immersive.gps&w=144&h=144&yaw=42.12493&pitch=0&thumbfov=100,"https://maps.google.com/maps?um=1&fb=1&gl=in&sa=X&geocode=KU2AkHNTwcI7MfSqL68GzDXW&daddr=Shop+No+16,+Viman+Prestige,+Co+op+Society,+behind+Khalsa+Dairy+%26+Sweets,+Clover+Park,+Viman+Nagar,+Pune,+Maharashtra+411014&ved=2ahUKEwj_qrrXjryEAxVZ24QAHdjeCC8Q48ADegQIABBH","Shop No 16, Viman Prestige, Co op Society, behind Khalsa Dairy & Sweets, Clover Park, Viman Nagar, Pune, Maharashtra 411014",18.56686998092,73.918480022772,4.3,6:30 PM
"Metropolis Healthcare Ltd - Best Diagnostic Centre In Kharadi, Pune",09321272715,https://lh5.googleusercontent.com/p/AF1QipM4K9lAwMkpK1N0g3CaBDPsFqhTDG9vSZdJW7R_=w114-h114-n-k-no,"https://maps.google.com/maps?um=1&fb=1&gl=in&sa=X&geocode=KSkHL3kDw8I7Md3C17BKG3Ir&daddr=Shop+No+1,+Borate+Vasti,+Gurudatta+Heights,+opposite+MOUNT+N+GLORY,+Tulaja+Bhawani+Nagar,+Kharadi,+Pune,+Maharashtra+411014&ved=2ahUKEwj_qrrXjryEAxVZ24QAHdjeCC8Q48ADegQIABBP","Shop No 1, Borate Vasti, Gurudatta Heights, opposite MOUNT N GLORY, Tulaja Bhawani Nagar, Kharadi, Pune, Maharashtra 411014",18.565441348983,73.94691209123,4.2,6:30 PM
"Metropolis Healthcare Ltd - Best Diagnostic Centre In Kondhwa Khurd, Pune",09321272715,https://lh5.googleusercontent.com/p/AF1QipMgGmIsRdMKGQ9JOlGKEdo5-Ml0IaNSrGwAhLjC=w114-h114-n-k-no,"https://maps.google.com/maps?um=1&fb=1&gl=in&sa=X&geocode=KZ3TBRmA68I7MYwXeCmNSdKj&daddr=Shop+No+5,+Building+A,+Manish+Park+Phase+2,+off+NIBM+Road,+near+Kausar+Bagh,+Phase+1,+Kausar+Baugh,+Kondhwa,+Pune,+Maharashtra+411048&ved=2ahUKEwj_qrrXjryEAxVZ24QAHdjeCC8Q48ADegQIABBX","Shop No 5, Building A, Manish Park Phase 2, off NIBM Road, near Kausar Bagh, Phase 1, Kausar Baugh, Kondhwa, Pune, Maharashtra 411048",18.477150005511,73.895719970528,3.1,6:30 PM
"Metropolis Healthcare Ltd - Best Diagnostic Centre In Kondhwa, Pune",09822338140,https://streetviewpixels-pa.googleapis.com/v1/thumbnail?panoid=gHT3xWTt-iJDIiBFRthENg&cb_client=geo_services_immersive.gps&w=144&h=144&yaw=184.90875&pitch=0&thumbfov=100,"https://maps.google.com/maps?um=1&fb=1&gl=in&sa=X&geocode=KW3m0_tz68I7MVweOxdwdtK7&daddr=Shop+No+6,+Gera+Junction+Kondhwa+Road,+Chowk,+near+Kalyan+Bhel,+Lullanagar,+Pune,+Maharashtra+411040&ved=2ahUKEwj_qrrXjryEAxVZ24QAHdjeCC8Q48ADegQIABBf","Shop No 6, Gera Junction Kondhwa Road, Chowk, near Kalyan Bhel, Lullanagar, Pune, Maharashtra 411040",18.48576,73.88934,4.7,6:30 PM
Metropolis Healthcare Ltd - Diagnostic Centre In Karvenagar,08390277112,https://lh5.googleusercontent.com/p/AF1QipOgA4l0hobfU3TjYeMbQYbqMwlwG3YtXAdNmhEU=w114-h114-n-k-no,"https://maps.google.com/maps?um=1&fb=1&gl=in&sa=X&geocode=KfVknWmev8I7MUQD3NCQ5Uri&daddr=Shop+No+4/B,+Gr+Flr,+Pinnac+Memories+Phase+2,+Sy+No+23/3+%26+4,+behind+kokan+express+hotel,+Karve+Nagar,+Pune,+Maharashtra+411038&ved=2ahUKEwj_qrrXjryEAxVZ24QAHdjeCC8Q48ADegQIABBn","Shop No 4/B, Gr Flr, Pinnac Memories Phase 2, Sy No 23/3 & 4, behind kokan express hotel, Karve Nagar, Pune, Maharashtra 411038",18.49733,73.81663,4.5,6:30 PM
Nirmal Clinic,09822593984,https://streetviewpixels-pa.googleapis.com/v1/thumbnail?panoid=CnmA3FmLloD_M1WLPlhf9g&cb_client=geo_services_immersive.gps&w=144&h=144&yaw=103.04732&pitch=0&thumbfov=100,"https://maps.google.com/maps?um=1&fb=1&gl=in&sa=X&geocode=KYdWB932wMI7MbrrghtWLDHT&daddr=GVPF%2B7FW,+Tadiwala+Rd,+Near+Matan+Shop,+Lumbini+Nagar,+Sangamvadi,+Pune,+Maharashtra+411001&ved=2ahUKEwj_qrrXjryEAxVZ24QAHdjeCC8Q48ADegQIABBt","GVPF+7FW, Tadiwala Rd, Near Matan Shop, Lumbini Nagar, Sangamvadi, Pune, Maharashtra 411001",18.533984348989,73.872973107925,5.0,09:00 PM
